timestamp,city,pm25,temperature,humidity,wind_speed,traffic_speed,free_flow_speed,traffic_congestion,hour_of_day,is_rush_hour,is_weekend,pm25_rolling_mean_3h,pm25_rolling_mean_6h,pm25_rolling_mean_24h,congestion_rolling_mean_6h,pm25_trend,congestion_trend,pm25_rate_of_change,congestion_rate_of_change,wind_dispersion,weather_stress,risk_score,risk_label,risk_driver,risk_score_mean_24h,risk_score_max_24h,risk_component_aqi,risk_component_traffic,risk_component_weather,is_traffic_anomaly,anomaly_severity,anomaly_direction,congestion_zscore,anomaly_count_24h,last_anomaly_timestamp,forecast_available,pm25_forecast_mean_24h,pm25_forecast_max_24h,pm25_forecast_peak_h
2026-03-27 00:00:00+00:00,New York,5.66,12.99,53,8.02,21.1,27.2,22.43,0,0,0,4.48,4.48,4.48,19.643,0,0,1.77,-1.67,0.697,0.0341,10.21,Low,Traffic,8.66,10.21,0.0151,0.0785,0.0085,0,Normal,Normal,0.44,0,,False,,,
2026-03-27 01:00:00+00:00,New York,6.48,13.78,53,8.03,23.5,27.2,13.6,1,0,0,5.343,4.98,4.98,18.132,1,1,0.82,-8.83,0.797,0.034,7.34,Low,Traffic,8.33,10.21,0.0173,0.0476,0.0085,0,Normal,Normal,-0.757,0,,False,,,
2026-03-27 02:00:00+00:00,New York,4.69,14.55,56,9.01,23.7,27.8,14.75,2,0,0,5.61,4.922,4.922,17.456,1,-1,-1.79,1.15,0.515,0.0261,7.06,Low,Traffic,8.08,10.21,0.0125,0.0516,0.0065,0,Normal,Normal,-0.501,0,,False,,,
2026-03-27 03:00:00+00:00,New York,6.33,13.85,57,7.53,19.9,27.4,27.37,3,0,0,5.833,5.157,5.157,19.108,1,-1,1.64,12.62,0.83,0.0541,12.62,Low,Traffic,8.83,12.62,0.0169,0.0958,0.0135,0,Normal,Normal,1.311,0,,False,,,
2026-03-27 04:00:00+00:00,New York,6.19,13.84,51,8.18,21.7,27.6,21.38,4,0,0,5.737,5.54,5.304,20.605,1,1,-0.14,-5.99,0.748,0.0264,9.79,Low,Traffic,8.97,12.62,0.0165,0.0748,0.0066,0,Normal,Normal,0.335,0,,False,,,
2026-03-27 05:00:00+00:00,New York,5.55,13.84,49,7.66,21.4,25.1,14.74,5,0,0,6.023,5.817,5.335,19.045,1,1,-0.64,-6.64,0.715,0.0296,7.38,Low,Traffic,8.77,12.62,0.0148,0.0516,0.0074,0,Normal,Normal,-0.729,0,,False,,,
2026-03-27 06:00:00+00:00,New York,5.55,11.74,55,7.13,21.3,25.6,16.8,6,0,0,5.763,5.798,5.359,18.107,1,-1,0.0,2.06,0.768,0.057,8.78,Low,Traffic,8.77,12.62,0.0148,0.0588,0.0142,0,Normal,Normal,-0.342,0,,False,,,
2026-03-27 07:00:00+00:00,New York,11.54,11.82,55,7.72,13.1,25.8,49.22,7,1,0,7.547,6.642,5.977,24.043,1,1,5.99,32.42,1.476,0.0449,21.43,Moderate,Traffic,10.04,21.43,0.0308,0.1723,0.0112,1,Moderate,Spike,2.527,1,2026-03-27 07:00:00+00:00,False,,,
2026-03-27 08:00:00+00:00,New York,11.02,11.1,58,6.99,13.7,25.2,45.63,8,1,0,9.37,7.697,6.435,29.19,1,1,-0.52,-3.59,1.554,0.0691,20.64,Moderate,Traffic,11.0,21.43,0.0294,0.1597,0.0173,0,Normal,Normal,1.727,1,2026-03-27 07:00:00+00:00,False,,,
2026-03-27 09:00:00+00:00,New York,9.8,10.29,54,8.45,12.9,25.3,49.01,9,1,0,10.787,8.275,6.716,32.797,1,1,-1.22,3.38,1.146,0.0297,20.5,Moderate,Traffic,11.79,21.43,0.0261,0.1715,0.0074,0,Normal,Normal,1.642,1,2026-03-27 07:00:00+00:00,False,,,
2026-03-27 10:00:00+00:00,New York,6.03,8.66,56,8.08,17.9,25.2,28.97,10,0,0,8.95,8.248,6.663,34.062,1,1,-3.77,-20.04,0.737,0.0409,12.77,Low,Traffic,11.87,21.43,0.0161,0.1014,0.0102,0,Normal,Normal,0.207,1,2026-03-27 07:00:00+00:00,False,,,
2026-03-27 11:00:00+00:00,New York,5.9,9.18,54,8.53,18.4,25.3,27.27,11,0,0,7.243,8.307,6.609,36.15,1,1,-0.13,-1.7,0.684,0.0284,11.82,Low,Traffic,11.87,21.43,0.0157,0.0954,0.0071,0,Normal,Normal,0.078,1,2026-03-27 07:00:00+00:00,False,,,
2026-03-27 12:00:00+00:00,New York,5.28,8.57,58,8.11,20.7,24.9,16.87,12,0,0,5.737,8.262,6.52,36.162,-1,1,-0.62,-10.4,0.643,0.0455,8.45,Low,Traffic,11.64,21.43,0.0141,0.059,0.0114,0,Normal,Normal,-0.69,1,2026-03-27 07:00:00+00:00,False,,,
2026-03-27 13:00:00+00:00,New York,5.85,8.63,61,8.33,19.0,25.2,24.6,13,0,0,5.677,7.313,6.478,32.058,-1,-1,0.57,7.73,0.694,0.0491,11.4,Low,Traffic,11.62,21.43,0.0156,0.0861,0.0123,0,Normal,Normal,-0.079,1,2026-03-27 07:00:00+00:00,False,,,
2026-03-27 14:00:00+00:00,New York,6.35,8.16,57,8.92,19.5,24.8,21.37,14,0,0,5.827,6.535,6.471,28.015,-1,-1,0.5,-3.23,0.704,0.0297,9.91,Low,Traffic,11.52,21.43,0.0169,0.0748,0.0074,0,Normal,Normal,-0.331,1,2026-03-27 07:00:00+00:00,False,,,
2026-03-27 15:00:00+00:00,New York,4.16,8.14,59,9.87,18.8,25.3,25.69,15,0,0,5.453,5.595,6.342,24.128,-1,-1,-2.19,4.32,0.417,0.0213,10.63,Low,Traffic,11.47,21.43,0.0111,0.0899,0.0053,0,Normal,Normal,0.03,1,2026-03-27 07:00:00+00:00,False,,,
2026-03-27 16:00:00+00:00,New York,4.13,8.9,58,10.74,20.1,25.1,19.92,16,0,0,4.88,5.278,6.226,22.62,-1,-1,-0.03,-5.77,0.381,0.0093,8.3,Low,Traffic,11.31,21.43,0.011,0.0697,0.0023,0,Normal,Normal,-0.454,1,2026-03-27 07:00:00+00:00,False,,,
2026-03-27 17:00:00+00:00,New York,4.13,8.42,57,9.76,14.3,25.2,43.25,17,1,0,4.14,4.983,6.121,25.283,-1,-1,0.0,23.33,0.419,0.0184,16.7,Low,Traffic,11.58,21.43,0.011,0.1514,0.0046,0,Normal,Normal,1.471,1,2026-03-27 07:00:00+00:00,False,,,
2026-03-27 18:00:00+00:00,New York,10.01,9.83,53,9.5,13.2,23.7,44.3,18,1,0,6.09,5.772,6.306,29.855,1,1,5.88,1.05,1.043,0.0129,18.49,Low,Traffic,11.9,21.43,0.0267,0.155,0.0032,0,Normal,Normal,1.439,1,2026-03-27 07:00:00+00:00,False,,,
2026-03-27 19:00:00+00:00,New York,8.47,9.85,53,10.15,12.9,26.1,50.57,19,1,0,7.537,6.208,6.405,34.183,1,1,-1.54,6.27,0.826,0.0054,20.1,Moderate,Traffic,12.28,21.43,0.0226,0.177,0.0014,0,Normal,Normal,1.76,1,2026-03-27 07:00:00+00:00,False,,,
2026-03-27 20:00:00+00:00,New York,3.41,10.43,54,9.44,20.2,24.7,18.22,20,0,0,7.297,5.718,6.274,33.658,1,1,-5.06,-32.35,0.357,0.0158,7.69,Low,Traffic,12.08,21.43,0.0091,0.0638,0.004,0,Normal,Normal,-0.728,1,2026-03-27 07:00:00+00:00,False,,,
2026-03-27 21:00:00+00:00,New York,2.97,11.43,51,10.28,20.5,25.0,18.0,21,0,0,4.95,5.52,6.137,32.377,-1,1,-0.44,-0.22,0.286,0.0,7.09,Low,Traffic,11.87,21.43,0.0079,0.063,0.0,0,Normal,Normal,-0.722,1,2026-03-27 07:00:00+00:00,False,,,
2026-03-27 22:00:00+00:00,New York,7.37,11.51,62,4.8,20.6,25.3,18.58,22,0,0,4.583,6.06,6.282,32.153,-1,-1,4.4,0.58,1.504,0.1638,12.56,Low,Traffic,12.15,21.43,0.0196,0.065,0.041,0,Normal,Normal,-0.711,1,2026-03-27 07:00:00+00:00,False,,,
2026-03-27 23:00:00+00:00,New York,8.09,11.9,66,4.52,19.1,25.2,24.21,23,0,0,6.143,6.72,6.457,28.98,1,-1,0.72,5.63,1.751,0.1983,15.59,Low,Traffic,12.39,21.43,0.0216,0.0847,0.0496,0,Normal,Normal,-0.255,1,2026-03-27 07:00:00+00:00,False,,,
2026-03-28 00:00:00+00:00,New York,9.44,12.6,57,5.11,22.5,28.0,19.64,0,0,1,8.3,6.625,6.614,24.87,1,-1,1.35,-4.57,1.812,0.1275,12.58,Low,Traffic,12.48,21.43,0.0252,0.0687,0.0319,0,Normal,Normal,-0.613,1,2026-03-27 07:00:00+00:00,False,,,
2026-03-28 01:00:00+00:00,New York,8.37,13.36,55,4.32,25.3,27.6,8.33,1,0,1,8.633,6.608,6.693,17.83,1,-1,-1.07,-11.31,1.894,0.1593,9.13,Low,Weather,12.56,21.43,0.0223,0.0292,0.0398,0,Normal,Normal,-1.471,1,2026-03-27 07:00:00+00:00,False,,,
2026-03-28 02:00:00+00:00,New York,10.44,14.3,57,3.14,22.4,27.9,19.71,2,0,1,9.417,7.78,6.932,18.078,1,-1,2.07,11.38,3.222,0.2683,16.39,Low,Traffic,12.95,21.43,0.0278,0.069,0.0671,0,Normal,Normal,-0.6,1,2026-03-27 07:00:00+00:00,False,,,
2026-03-28 03:00:00+00:00,New York,8.35,12.83,61,4.48,23.3,27.9,16.49,3,0,1,9.053,8.677,7.017,17.827,1,-1,-2.09,-3.22,1.823,0.1779,12.45,Low,Traffic,12.94,21.43,0.0223,0.0577,0.0445,0,Normal,Normal,-0.808,1,2026-03-27 07:00:00+00:00,False,,,
2026-03-28 04:00:00+00:00,New York,9.08,13.13,60,3.65,25.0,27.8,10.07,4,0,1,9.29,8.962,7.137,16.408,1,-1,0.73,-6.42,2.421,0.2346,11.8,Low,Weather,13.02,21.43,0.0242,0.0352,0.0586,0,Normal,Normal,-1.236,1,2026-03-27 07:00:00+00:00,False,,,
2026-03-28 05:00:00+00:00,New York,10.58,12.54,55,3.18,19.5,25.3,22.92,5,0,1,9.337,9.377,7.347,16.193,1,-1,1.5,12.85,3.226,0.2508,17.11,Low,Traffic,13.43,21.43,0.0282,0.0802,0.0627,0,Normal,Normal,-0.289,1,2026-03-27 07:00:00+00:00,False,,,
2026-03-28 06:00:00+00:00,New York,9.55,12.29,61,2.95,21.8,24.5,11.02,6,0,1,9.737,9.395,7.513,14.757,1,-1,-1.03,-11.9,3.131,0.3192,14.39,Low,Weather,13.66,21.43,0.0255,0.0386,0.0798,0,Normal,Normal,-1.168,1,2026-03-27 07:00:00+00:00,False,,,
2026-03-28 07:00:00+00:00,New York,14.63,11.78,63,2.77,11.9,24.5,51.43,7,1,1,11.587,10.438,7.642,21.94,1,1,5.08,40.41,5.098,0.3605,30.91,Moderate,Traffic,14.06,30.91,0.039,0.18,0.0901,0,Normal,Normal,1.867,0,,False,,,
2026-03-28 08:00:00+00:00,New York,13.59,10.99,62,3.37,12.4,24.2,48.76,8,1,1,12.59,10.963,7.749,26.782,1,1,-1.04,-2.67,3.916,0.2741,27.54,Moderate,Traffic,14.35,30.91,0.0362,0.1707,0.0685,0,Normal,Normal,1.632,0,,False,,,
2026-03-28 09:00:00+00:00,New York,14.48,8.43,62,4.04,14.5,25.3,42.69,9,1,1,14.233,11.985,7.944,31.148,1,1,0.89,-6.07,3.498,0.2129,24.12,Moderate,Traffic,14.5,30.91,0.0386,0.1494,0.0532,0,Normal,Normal,1.24,0,,False,,,
2026-03-28 10:00:00+00:00,New York,9.28,9.07,70,4.15,21.6,24.8,12.9,10,0,1,12.45,12.018,8.08,31.62,1,1,-5.2,-29.79,2.184,0.2445,13.1,Low,Weather,14.51,30.91,0.0248,0.0451,0.0611,0,Normal,Normal,-0.953,0,,False,,,
2026-03-28 11:00:00+00:00,New York,9.28,8.63,68,4.3,20.5,25.2,18.65,11,0,1,11.013,11.802,8.22,30.908,1,1,0.0,5.75,2.109,0.223,14.59,Low,Traffic,14.63,30.91,0.0248,0.0653,0.0558,0,Normal,Normal,-0.496,0,,False,,,
2026-03-28 12:00:00+00:00,New York,8.3,8.34,59,4.55,21.5,25.6,16.02,12,0,1,8.953,11.593,8.346,31.742,-1,1,-0.98,-2.63,1.785,0.1645,11.93,Low,Traffic,14.77,30.91,0.0221,0.0561,0.0411,0,Normal,Normal,-0.687,0,,False,,,
2026-03-28 13:00:00+00:00,New York,7.9,7.68,61,4.77,21.5,25.5,15.69,13,0,1,8.493,10.472,8.432,25.785,-1,-1,-0.4,-0.33,1.622,0.1611,11.63,Low,Traffic,14.78,30.91,0.0211,0.0549,0.0403,0,Normal,Normal,-0.676,0,,False,,,
2026-03-28 14:00:00+00:00,New York,8.51,6.85,62,5.22,21.2,25.5,16.86,14,0,1,8.237,9.625,8.522,20.468,-1,-1,0.61,1.17,1.6,0.1426,11.73,Low,Traffic,14.86,30.91,0.0227,0.059,0.0356,0,Normal,Normal,-0.574,0,,False,,,
2026-03-28 15:00:00+00:00,New York,6.82,7.39,63,5.18,20.8,24.6,15.45,15,0,1,7.743,8.348,8.632,15.928,-1,-1,-1.69,-1.41,1.292,0.1485,10.94,Low,Traffic,14.87,30.91,0.0182,0.0541,0.0371,0,Normal,Normal,-0.639,0,,False,,,
2026-03-28 16:00:00+00:00,New York,7.93,7.95,63,5.19,22.0,24.6,10.57,16,0,1,7.753,8.123,8.791,15.54,-1,-1,1.11,-4.88,1.499,0.148,9.52,Low,Traffic,14.92,30.91,0.0212,0.037,0.037,0,Normal,Normal,-0.945,0,,False,,,
2026-03-28 17:00:00+00:00,New York,12.41,8.22,58,5.72,13.4,25.4,47.24,17,1,1,9.053,8.645,9.136,20.305,-1,-1,4.48,36.67,2.132,0.1069,22.51,Moderate,Traffic,15.16,30.91,0.0331,0.1653,0.0267,0,Normal,Normal,1.608,0,,False,,,
2026-03-28 18:00:00+00:00,New York,11.13,8.65,62,5.39,14.2,25.2,43.65,18,1,1,10.49,9.117,9.182,24.91,1,1,-1.28,-3.59,2.027,0.135,21.63,Moderate,Traffic,15.29,30.91,0.0297,0.1528,0.0338,0,Normal,Normal,1.364,0,,False,,,
2026-03-28 19:00:00+00:00,New York,10.4,9.24,61,6.39,14.5,24.6,41.06,19,1,1,11.313,9.533,9.263,29.138,1,1,-0.73,-2.59,1.602,0.0949,19.51,Low,Traffic,15.27,30.91,0.0277,0.1437,0.0237,0,Normal,Normal,1.269,0,,False,,,
2026-03-28 20:00:00+00:00,New York,9.15,10.31,61,4.41,20.0,25.3,20.95,20,0,1,10.227,9.64,9.502,29.82,1,1,-1.25,-20.11,2.029,0.1822,14.33,Low,Traffic,15.55,30.91,0.0244,0.0733,0.0456,0,Normal,Normal,-0.208,0,,False,,,
2026-03-28 21:00:00+00:00,New York,7.2,11.02,63,5.24,21.2,24.7,14.17,21,0,1,8.917,9.703,9.678,29.607,1,1,-1.95,-6.78,1.348,0.1457,10.52,Low,Traffic,15.69,30.91,0.0192,0.0496,0.0364,0,Normal,Normal,-0.687,0,,False,,,
2026-03-28 22:00:00+00:00,New York,8.23,9.0,60,6.26,20.1,25.3,20.55,22,0,1,8.193,9.753,9.714,31.27,1,1,1.03,6.38,1.294,0.0957,11.78,Low,Traffic,15.66,30.91,0.022,0.0719,0.0239,0,Normal,Normal,-0.23,0,,False,,,
2026-03-28 23:00:00+00:00,New York,8.07,9.56,61,6.06,22.2,24.8,10.48,23,0,1,7.833,9.03,9.713,25.143,-1,-1,-0.16,-10.07,1.31,0.1056,8.46,Low,Traffic,15.36,30.91,0.0215,0.0367,0.0264,0,Normal,Normal,-0.904,0,,False,,,
2026-03-29 00:00:00+00:00,New York,11.78,10.36,57,4.13,23.5,27.6,14.86,0,0,1,9.36,9.138,9.811,20.345,-1,-1,3.71,4.38,2.785,0.1812,12.87,Low,Traffic,15.37,30.91,0.0314,0.052,0.0453,0,Normal,Normal,-0.574,0,,False,,,
2026-03-29 01:00:00+00:00,New York,9.58,11.0,57,5.14,26.1,28.1,7.12,1,0,1,9.81,9.002,9.861,14.688,-1,-1,-2.2,-7.74,1.828,0.1262,8.21,Low,Weather,15.33,30.91,0.0256,0.0249,0.0316,0,Normal,Normal,-1.115,0,,False,,,
2026-03-29 02:00:00+00:00,New York,11.14,11.73,52,4.72,21.7,27.2,20.22,2,0,1,10.833,9.333,9.89,14.567,1,-1,1.56,13.1,2.311,0.1243,13.16,Low,Traffic,15.2,30.91,0.0297,0.0708,0.0311,0,Normal,Normal,-0.19,0,,False,,,
2026-03-29 03:00:00+00:00,New York,10.59,10.01,57,4.95,23.6,27.8,15.11,3,0,1,10.437,9.898,9.984,14.723,1,-1,-0.55,-5.11,2.097,0.1349,11.48,Low,Traffic,15.16,30.91,0.0282,0.0529,0.0337,0,Normal,Normal,-0.546,0,,False,,,
2026-03-29 04:00:00+00:00,New York,10.96,9.85,58,3.87,22.0,27.3,19.41,4,0,1,10.897,10.353,10.062,14.533,1,-1,0.37,4.3,2.761,0.2052,14.84,Low,Traffic,15.28,30.91,0.0292,0.0679,0.0513,0,Normal,Normal,-0.275,0,,False,,,
2026-03-29 05:00:00+00:00,New York,9.62,9.83,54,4.54,21.0,25.3,17.0,5,0,1,10.39,10.612,10.022,15.62,1,1,-1.34,-2.41,2.073,0.1423,12.07,Low,Traffic,15.07,30.91,0.0256,0.0595,0.0356,0,Normal,Normal,-0.429,0,,False,,,
2026-03-29 06:00:00+00:00,New York,10.86,8.88,57,2.75,22.8,25.0,8.8,6,0,1,10.48,10.458,10.077,14.61,1,-1,1.24,-8.2,3.811,0.3192,13.96,Low,Weather,15.06,30.91,0.029,0.0308,0.0798,0,Normal,Normal,-1.002,0,,False,,,
2026-03-29 07:00:00+00:00,New York,18.11,8.18,61,2.89,9.2,25.0,63.2,7,1,1,12.863,11.88,10.222,23.957,1,1,7.25,54.4,6.057,0.3277,35.14,Moderate,Traffic,15.23,35.14,0.0483,0.2212,0.0819,1,Moderate,Spike,2.608,1,2026-03-29 07:00:00+00:00,False,,,
2026-03-29 08:00:00+00:00,New York,15.17,7.9,59,4.23,10.3,25.3,59.29,8,1,1,14.713,12.552,10.288,30.468,1,1,-2.94,-3.91,3.503,0.1844,29.4,Moderate,Traffic,15.31,35.14,0.0404,0.2075,0.0461,1,Moderate,Spike,2.195,2,2026-03-29 08:00:00+00:00,False,,,
2026-03-29 09:00:00+00:00,New York,13.71,7.06,58,3.47,11.4,25.5,55.29,9,1,1,15.663,13.072,10.255,37.165,1,1,-1.46,-4.0,3.84,0.2398,29.01,Moderate,Traffic,15.51,35.14,0.0366,0.1935,0.06,0,Normal,Normal,1.822,2,2026-03-29 08:00:00+00:00,False,,,
2026-03-29 10:00:00+00:00,New York,9.0,6.91,59,5.53,22.9,25.5,10.2,10,0,1,12.627,12.745,10.244,35.63,1,1,-4.71,-45.09,1.599,0.1178,8.91,Low,Traffic,15.34,35.14,0.024,0.0357,0.0294,0,Normal,Normal,-0.823,2,2026-03-29 08:00:00+00:00,False,,,
2026-03-29 11:00:00+00:00,New York,9.02,5.01,64,4.47,20.5,24.2,15.29,11,0,1,10.577,12.645,10.233,35.345,1,1,0.02,5.09,1.974,0.1924,12.56,Low,Traffic,15.25,35.14,0.024,0.0535,0.0481,0,Normal,Normal,-0.515,2,2026-03-29 08:00:00+00:00,False,,,
2026-03-29 12:00:00+00:00,New York,9.12,5.11,55,6.01,23.8,26.4,9.85,12,0,1,9.047,12.355,10.267,35.52,-1,-1,0.1,-5.44,1.493,0.0865,8.04,Low,Traffic,15.09,35.14,0.0243,0.0345,0.0216,0,Normal,Normal,-0.809,2,2026-03-29 08:00:00+00:00,False,,,
2026-03-29 13:00:00+00:00,New York,8.07,4.4,68,5.88,20.5,24.4,15.98,13,0,1,8.737,10.682,10.274,27.65,-1,-1,-1.05,6.13,1.349,0.1366,11.16,Low,Traffic,15.07,35.14,0.0215,0.0559,0.0342,0,Normal,Normal,-0.456,2,2026-03-29 08:00:00+00:00,False,,,
2026-03-29 14:00:00+00:00,New York,8.38,5.24,63,5.49,20.7,26.0,20.38,14,0,1,8.523,9.55,10.269,21.165,-1,-1,0.31,4.4,1.499,0.1345,12.73,Low,Traffic,15.11,35.14,0.0224,0.0713,0.0336,0,Normal,Normal,-0.21,2,2026-03-29 08:00:00+00:00,False,,,
2026-03-29 15:00:00+00:00,New York,9.8,4.22,62,5.52,20.9,25.0,16.4,15,0,1,8.75,8.898,10.393,14.683,-1,-1,1.42,-3.98,1.744,0.1295,11.59,Low,Traffic,15.14,35.14,0.0261,0.0574,0.0324,0,Normal,Normal,-0.444,2,2026-03-29 08:00:00+00:00,False,,,
2026-03-29 16:00:00+00:00,New York,9.05,5.21,65,4.93,20.5,24.9,17.67,16,0,1,9.077,8.907,10.44,15.928,-1,-1,-0.75,1.27,1.799,0.1695,12.83,Low,Traffic,15.28,35.14,0.0241,0.0618,0.0424,0,Normal,Normal,-0.391,2,2026-03-29 08:00:00+00:00,False,,,
2026-03-29 17:00:00+00:00,New York,12.56,5.94,64,6.47,11.7,25.2,53.57,17,1,1,10.47,9.497,10.446,22.308,-1,1,3.51,35.9,1.912,0.1022,24.66,Moderate,Traffic,15.37,35.14,0.0335,0.1875,0.0256,0,Normal,Normal,1.659,2,2026-03-29 08:00:00+00:00,False,,,
2026-03-29 18:00:00+00:00,New York,11.67,6.06,56,5.93,9.8,25.0,60.8,18,1,1,11.093,9.922,10.468,30.8,1,1,-0.89,7.23,1.935,0.0925,26.7,Moderate,Traffic,15.58,35.14,0.0311,0.2128,0.0231,0,Normal,Normal,1.909,2,2026-03-29 08:00:00+00:00,False,,,
2026-03-29 19:00:00+00:00,New York,14.97,7.5,63,5.32,10.4,25.5,59.22,19,1,1,13.067,11.072,10.659,38.007,1,1,3.3,-1.58,2.762,0.142,28.27,Moderate,Traffic,15.94,35.14,0.0399,0.2073,0.0355,0,Normal,Normal,1.691,2,2026-03-29 08:00:00+00:00,False,,,
2026-03-29 20:00:00+00:00,New York,9.35,7.54,57,6.0,22.4,24.9,10.04,20,0,1,11.997,11.233,10.667,36.283,1,1,-5.62,-49.18,1.533,0.0938,8.34,Low,Traffic,15.7,35.14,0.0249,0.0351,0.0234,0,Normal,Normal,-0.785,2,2026-03-29 08:00:00+00:00,False,,,
2026-03-29 21:00:00+00:00,New York,9.81,9.31,57,5.86,22.8,24.7,7.69,21,0,1,11.377,11.235,10.776,34.832,1,1,0.46,-2.35,1.646,0.0984,7.77,Low,Traffic,15.58,35.14,0.0262,0.0269,0.0246,0,Normal,Normal,-0.881,2,2026-03-29 08:00:00+00:00,False,,,
2026-03-29 22:00:00+00:00,New York,12.21,8.96,49,1.23,23.7,25.6,7.42,22,0,1,10.457,11.762,10.942,33.123,1,-1,2.4,-0.27,9.18,0.6756,22.75,Moderate,Weather,16.04,35.14,0.0326,0.026,0.1689,0,Normal,Normal,-0.854,2,2026-03-29 08:00:00+00:00,False,,,
2026-03-29 23:00:00+00:00,New York,12.73,9.55,50,1.23,19.3,25.0,22.8,23,0,1,11.583,11.79,11.136,27.995,1,-1,0.52,15.38,9.571,0.6915,28.67,Moderate,Weather,16.88,35.14,0.034,0.0798,0.1729,0,Normal,Normal,-0.125,2,2026-03-29 08:00:00+00:00,False,,,
2026-03-30 00:00:00+00:00,New York,12.19,10.34,50,1.23,24.2,28.0,13.57,0,0,0,12.377,11.877,11.153,20.123,1,-1,-0.54,-9.23,9.165,0.6915,25.29,Moderate,Weather,17.4,35.14,0.0325,0.0475,0.1729,0,Normal,Normal,-0.58,2,2026-03-29 08:00:00+00:00,False,,,
2026-03-30 01:00:00+00:00,New York,12.53,10.04,50,1.23,22.7,28.0,18.93,1,0,0,12.483,11.47,11.276,13.408,-1,-1,0.34,5.36,9.421,0.6915,27.26,Moderate,Weather,18.19,35.14,0.0334,0.0663,0.1729,0,Normal,Normal,-0.344,2,2026-03-29 08:00:00+00:00,False,,,
2026-03-30 02:00:00+00:00,New York,10.81,10.39,55,1.23,23.9,28.2,15.25,2,0,0,11.843,11.713,11.262,14.277,-1,-1,-1.72,-3.68,8.128,0.771,27.5,Moderate,Weather,18.79,35.14,0.0288,0.0534,0.1928,0,Normal,Normal,-0.517,2,2026-03-29 08:00:00+00:00,False,,,
2026-03-30 03:00:00+00:00,New York,12.33,10.71,53,1.23,20.6,27.0,23.7,3,0,0,11.89,12.133,11.335,16.945,1,-1,1.52,8.45,9.271,0.7392,30.07,Moderate,Weather,19.56,35.14,0.0329,0.083,0.1848,0,Normal,Normal,-0.111,2,2026-03-29 08:00:00+00:00,False,,,
2026-03-30 04:00:00+00:00,New York,11.68,10.22,53,1.23,21.7,27.3,20.51,4,0,0,11.607,12.045,11.365,19.127,1,1,-0.65,-3.19,8.782,0.7392,28.78,Moderate,Weather,20.14,35.14,0.0312,0.0718,0.1848,0,Normal,Normal,-0.275,2,2026-03-29 08:00:00+00:00,False,,,
2026-03-30 05:00:00+00:00,New York,19.43,8.82,52,1.23,8.8,25.5,65.49,5,0,0,14.48,13.162,11.773,26.242,1,1,7.75,44.98,14.609,0.7233,46.18,High,Traffic,21.57,46.18,0.0518,0.2292,0.1808,0,Normal,Normal,1.764,2,2026-03-29 08:00:00+00:00,False,,,
2026-03-30 06:00:00+00:00,New York,25.65,8.31,53,1.23,22.5,25.7,12.45,6,0,0,18.92,15.405,12.39,26.055,1,1,6.22,-53.04,19.286,0.7392,29.68,Moderate,Weather,22.22,46.18,0.0684,0.0436,0.1848,0,Normal,Normal,-0.741,2,2026-03-29 08:00:00+00:00,False,,,
2026-03-30 07:00:00+00:00,New York,36.84,7.96,54,1.23,16.3,26.0,37.31,7,1,0,27.307,19.457,13.17,29.118,1,1,11.19,24.86,27.699,0.7551,41.76,High,Weather,22.5,46.18,0.0982,0.1306,0.1888,0,Normal,Normal,0.516,1,2026-03-29 08:00:00+00:00,False,,,
2026-03-30 08:00:00+00:00,New York,29.24,6.76,56,1.23,16.0,24.8,35.48,8,1,0,30.577,22.528,13.756,32.49,1,1,-7.6,-1.83,21.985,0.787,39.9,Moderate,Weather,22.93,46.18,0.078,0.1242,0.1968,0,Normal,Normal,0.502,0,,False,,,
2026-03-30 09:00:00+00:00,New York,18.5,6.86,54,1.23,15.4,25.0,38.4,9,1,0,28.193,23.557,13.956,34.94,1,1,-10.74,2.92,13.91,0.7551,37.25,Moderate,Weather,23.28,46.18,0.0493,0.1344,0.1888,0,Normal,Normal,0.728,0,,False,,,
2026-03-30 10:00:00+00:00,New York,4.99,5.79,53,6.77,19.1,24.9,23.29,10,0,0,17.577,22.442,13.789,35.403,1,1,-13.51,-15.11,0.726,0.0593,10.96,Low,Traffic,23.36,46.18,0.0133,0.0815,0.0148,0,Normal,Normal,-0.148,0,,False,,,
2026-03-30 11:00:00+00:00,New York,1.55,4.75,52,8.86,19.9,24.4,18.44,11,0,0,8.347,19.462,13.478,27.562,-1,-1,-3.44,-4.85,0.173,0.0188,7.33,Low,Traffic,23.14,46.18,0.0041,0.0645,0.0047,0,Normal,Normal,-0.432,0,,False,,,
2026-03-30 12:00:00+00:00,New York,3.25,4.71,55,8.65,20.5,25.1,18.33,12,0,0,3.263,15.728,13.233,28.542,-1,-1,1.7,-0.11,0.371,0.029,8.01,Low,Traffic,23.14,46.18,0.0087,0.0642,0.0072,0,Normal,Normal,-0.465,0,,False,,,
2026-03-30 13:00:00+00:00,New York,3.49,4.01,60,8.55,20.4,24.9,18.07,13,0,0,2.763,10.17,13.042,25.335,-1,-1,0.24,-0.26,0.403,0.0428,8.32,Low,Traffic,23.02,46.18,0.0093,0.0632,0.0107,0,Normal,Normal,-0.486,0,,False,,,
2026-03-30 14:00:00+00:00,New York,3.01,4.48,55,8.71,19.7,25.1,21.51,14,0,0,3.25,5.798,12.818,23.007,-1,-1,-0.48,3.44,0.342,0.0281,9.03,Low,Traffic,22.87,46.18,0.008,0.0753,0.007,0,Normal,Normal,-0.29,0,,False,,,
2026-03-30 15:00:00+00:00,New York,2.48,4.48,54,9.15,20.5,25.4,19.29,15,0,0,2.993,3.128,12.513,19.822,-1,-1,-0.53,-2.22,0.268,0.0196,7.9,Low,Traffic,22.72,46.18,0.0066,0.0675,0.0049,0,Normal,Normal,-0.427,0,,False,,,
2026-03-30 16:00:00+00:00,New York,1.49,4.82,51,9.56,18.3,24.8,26.21,16,0,0,2.327,2.545,12.198,20.308,-1,-1,-0.99,6.92,0.154,0.0077,9.76,Low,Traffic,22.59,46.18,0.004,0.0917,0.0019,0,Normal,Normal,-0.046,0,,False,,,
2026-03-30 17:00:00+00:00,New York,1.49,5.4,58,9.48,16.8,25.3,33.6,17,1,0,1.82,2.535,11.737,22.835,-1,-1,0.0,7.39,0.156,0.0241,12.76,Low,Traffic,22.09,46.18,0.004,0.1176,0.006,0,Normal,Normal,0.459,0,,False,,,
2026-03-30 18:00:00+00:00,New York,6.34,5.47,57,9.39,13.7,25.6,46.48,18,1,0,3.107,3.05,11.515,27.527,-1,1,4.85,12.88,0.668,0.0231,18.54,Low,Traffic,21.75,46.18,0.0169,0.1627,0.0058,0,Normal,Normal,1.385,0,,False,,,
2026-03-30 19:00:00+00:00,New York,7.77,6.82,50,8.88,13.5,24.4,44.67,19,1,0,5.2,3.763,11.215,31.96,1,1,1.43,-1.81,0.865,0.0139,18.05,Low,Traffic,21.33,46.18,0.0207,0.1563,0.0035,0,Normal,Normal,1.415,0,,False,,,
2026-03-30 20:00:00+00:00,New York,2.6,7.62,57,9.12,19.6,24.5,20.0,20,0,0,5.57,3.695,10.934,31.708,1,1,-5.17,-24.67,0.282,0.0268,8.36,Low,Traffic,21.33,46.18,0.0069,0.07,0.0067,0,Normal,Normal,-0.394,0,,False,,,
2026-03-30 21:00:00+00:00,New York,1.0,8.16,55,10.12,21.1,24.8,14.92,21,0,0,3.79,3.448,10.567,30.98,1,1,-1.6,-5.08,0.098,0.0099,5.74,Low,Traffic,21.24,46.18,0.0027,0.0522,0.0025,0,Normal,Normal,-0.809,0,,False,,,
2026-03-30 22:00:00+00:00,New York,2.47,12.51,57,8.15,17.6,24.5,28.16,22,0,0,2.023,3.612,10.161,31.305,-1,-1,1.47,13.24,0.299,0.0422,11.58,Low,Traffic,20.78,46.18,0.0066,0.0986,0.0106,0,Normal,Normal,0.128,0,,False,,,
2026-03-30 23:00:00+00:00,New York,1.69,13.09,54,8.0,18.1,24.6,26.42,23,0,0,1.72,3.645,9.701,30.108,-1,-1,-0.78,-1.74,0.209,0.0371,10.63,Low,Traffic,20.03,46.18,0.0045,0.0925,0.0093,0,Normal,Normal,-0.021,0,,False,,,
2026-03-31 00:00:00+00:00,New York,1.0,13.23,49,8.21,23.7,27.3,13.19,0,0,0,1.72,2.755,9.235,24.56,-1,-1,-0.69,-13.23,0.12,0.0208,5.41,Low,Traffic,19.2,46.18,0.0027,0.0462,0.0052,0,Normal,Normal,-1.061,0,,False,,,
2026-03-31 01:00:00+00:00,New York,2.78,13.46,55,6.27,22.4,28.1,20.28,1,0,0,1.823,1.923,8.828,20.495,-1,-1,1.78,7.09,0.436,0.0787,9.81,Low,Traffic,18.47,46.18,0.0074,0.071,0.0197,0,Normal,Normal,-0.509,0,,False,,,
2026-03-31 02:00:00+00:00,New York,3.26,13.6,54,7.09,23.4,27.2,13.97,2,0,0,2.347,2.033,8.514,19.49,-1,-1,0.48,-6.31,0.453,0.055,7.14,Low,Traffic,17.62,46.18,0.0087,0.0489,0.0138,0,Normal,Normal,-0.999,0,,False,,,
2026-03-31 03:00:00+00:00,New York,4.87,13.9,55,6.19,22.4,27.8,19.42,3,0,0,3.637,2.678,8.203,20.24,-1,-1,1.61,5.45,0.774,0.0811,10.13,Low,Traffic,16.79,46.18,0.013,0.068,0.0203,0,Normal,Normal,-0.553,0,,False,,,
2026-03-31 04:00:00+00:00,New York,5.66,13.92,56,5.48,22.2,28.1,21.0,4,0,0,4.597,3.21,7.952,19.047,1,-1,0.79,1.58,1.014,0.1084,11.57,Low,Traffic,16.08,46.18,0.0151,0.0735,0.0271,0,Normal,Normal,-0.431,0,,False,,,
2026-03-31 05:00:00+00:00,New York,4.75,12.97,57,5.17,18.9,25.3,25.3,5,0,0,5.093,3.72,7.34,18.86,1,-1,-0.91,4.3,0.901,0.1249,13.24,Low,Traffic,14.7,41.76,0.0127,0.0885,0.0312,0,Normal,Normal,0.047,0,,False,,,
2026-03-31 06:00:00+00:00,New York,3.27,13.17,56,5.84,18.8,25.4,25.98,6,0,0,4.56,4.098,6.408,20.992,1,1,-1.48,0.68,0.551,0.0955,12.35,Low,Traffic,13.98,41.76,0.0087,0.0909,0.0239,0,Normal,Normal,0.061,0,,False,,,
2026-03-31 07:00:00+00:00,New York,9.8,11.11,60,6.18,11.8,24.9,52.61,7,1,0,5.94,5.268,5.281,26.38,1,1,6.53,26.63,1.561,0.0982,23.48,Moderate,Traffic,13.22,39.9,0.0261,0.1841,0.0246,1,Moderate,Spike,2.497,1,2026-03-31 07:00:00+00:00,False,,,
2026-03-31 08:00:00+00:00,New York,9.29,11.75,49,5.89,11.8,25.1,52.99,8,1,0,7.453,6.273,4.45,32.883,1,1,-0.51,0.38,1.551,0.0691,22.76,Moderate,Traffic,12.5,37.25,0.0248,0.1855,0.0173,1,Moderate,Spike,2.213,2,2026-03-31 08:00:00+00:00,False,,,
2026-03-31 09:00:00+00:00,New York,6.37,9.64,61,7.61,12.5,25.2,50.4,9,1,0,8.487,6.523,3.945,38.047,1,1,-2.92,-2.59,0.826,0.0634,20.92,Moderate,Traffic,11.82,23.48,0.017,0.1764,0.0158,0,Normal,Normal,1.837,2,2026-03-31 08:00:00+00:00,False,,,
2026-03-31 10:00:00+00:00,New York,4.62,9.18,56,6.28,22.4,25.4,11.81,10,0,0,6.76,6.35,3.929,36.515,1,1,-1.75,-38.59,0.724,0.0818,7.4,Low,Traffic,11.68,23.48,0.0123,0.0413,0.0204,0,Normal,Normal,-1.156,2,2026-03-31 08:00:00+00:00,False,,,
2026-03-31 11:00:00+00:00,New York,3.18,9.0,58,6.4,18.4,24.9,26.1,11,0,0,4.723,6.088,3.997,36.648,-1,1,-1.44,14.29,0.489,0.0848,12.11,Low,Traffic,11.88,23.48,0.0085,0.0914,0.0212,0,Normal,Normal,-0.079,2,2026-03-31 08:00:00+00:00,False,,,
2026-03-31 12:00:00+00:00,New York,3.36,8.51,58,6.89,20.2,24.8,18.55,12,0,0,3.72,6.103,4.002,35.41,-1,-1,0.18,-7.55,0.481,0.0716,9.18,Low,Traffic,11.92,23.48,0.009,0.0649,0.0179,0,Normal,Normal,-0.668,2,2026-03-31 08:00:00+00:00,False,,,
2026-03-31 13:00:00+00:00,New York,1.42,7.31,61,8.4,21.8,25.3,13.83,13,0,0,2.653,4.707,3.915,28.947,-1,-1,-1.94,-4.72,0.167,0.0479,6.42,Low,Traffic,11.84,23.48,0.0038,0.0484,0.012,0,Normal,Normal,-1.01,2,2026-03-31 08:00:00+00:00,False,,,
2026-03-31 14:00:00+00:00,New York,2.62,8.45,61,7.78,19.5,24.5,20.41,14,0,0,2.467,3.595,3.899,23.517,-1,-1,1.2,6.58,0.332,0.0598,9.34,Low,Traffic,11.86,23.48,0.007,0.0714,0.015,0,Normal,Normal,-0.499,2,2026-03-31 08:00:00+00:00,False,,,
2026-03-31 15:00:00+00:00,New York,2.15,7.87,65,7.98,18.5,24.8,25.4,15,0,0,2.063,2.892,3.885,19.35,-1,-1,-0.47,4.99,0.266,0.0663,11.12,Low,Traffic,11.99,23.48,0.0057,0.0889,0.0166,0,Normal,Normal,-0.136,2,2026-03-31 08:00:00+00:00,False,,,
2026-03-31 16:00:00+00:00,New York,1.0,8.23,60,7.43,21.0,25.1,16.33,16,0,0,1.923,2.288,3.865,20.103,-1,-1,-1.15,-9.07,0.133,0.0646,7.61,Low,Traffic,11.9,23.48,0.0027,0.0572,0.0162,0,Normal,Normal,-0.795,2,2026-03-31 08:00:00+00:00,False,,,
2026-03-31 17:00:00+00:00,New York,7.16,8.9,55,8.77,11.9,24.8,52.02,17,1,0,3.437,2.952,4.101,24.423,-1,1,6.16,35.69,0.807,0.0272,20.8,Moderate,Traffic,12.24,23.48,0.0191,0.1821,0.0068,0,Normal,Normal,1.747,2,2026-03-31 08:00:00+00:00,False,,,
2026-03-31 18:00:00+00:00,New York,4.5,9.74,56,9.57,10.9,25.0,56.4,18,1,0,4.22,3.142,4.025,30.732,1,1,-2.66,4.38,0.465,0.0186,21.4,Moderate,Traffic,12.36,23.48,0.012,0.1974,0.0046,0,Normal,Normal,1.932,2,2026-03-31 08:00:00+00:00,False,,,
2026-03-31 19:00:00+00:00,New York,5.54,10.29,59,8.8,12.5,24.7,49.39,19,1,0,5.733,3.828,3.932,36.658,1,1,1.04,-7.01,0.622,0.0363,19.68,Low,Traffic,12.42,23.48,0.0148,0.1729,0.0091,0,Normal,Normal,1.418,2,2026-03-31 08:00:00+00:00,False,,,
2026-03-31 20:00:00+00:00,New York,1.0,11.85,55,8.94,17.6,24.6,28.46,20,0,0,3.68,3.558,3.865,38.0,1,1,-4.54,-20.93,0.111,0.0248,10.85,Low,Traffic,12.53,23.48,0.0027,0.0996,0.0062,0,Normal,Normal,-0.001,2,2026-03-31 08:00:00+00:00,False,,,
2026-03-31 21:00:00+00:00,New York,1.44,12.28,57,7.71,20.2,25.2,19.84,21,0,0,2.66,3.44,3.883,37.073,1,1,0.44,-8.62,0.184,0.0505,8.58,Low,Traffic,12.65,23.48,0.0038,0.0694,0.0126,0,Normal,Normal,-0.6,2,2026-03-31 08:00:00+00:00,False,,,
2026-03-31 22:00:00+00:00,New York,1.0,10.27,60,9.27,20.3,24.7,17.81,22,0,0,1.147,3.44,3.822,37.32,-1,1,-0.44,-2.03,0.107,0.0315,7.29,Low,Traffic,12.47,23.48,0.0027,0.0623,0.0079,0,Normal,Normal,-0.7,2,2026-03-31 08:00:00+00:00,False,,,
2026-03-31 23:00:00+00:00,New York,1.0,11.56,62,9.24,21.1,25.1,15.94,23,0,0,1.147,2.413,3.793,31.307,-1,-1,0.0,-1.87,0.107,0.0365,6.76,Low,Traffic,12.31,23.48,0.0027,0.0558,0.0091,0,Normal,Normal,-0.785,2,2026-03-31 08:00:00+00:00,False,,,
2026-04-01 00:00:00+00:00,New York,1.0,12.08,61,8.93,20.9,26.8,22.01,0,0,0,1.0,1.83,3.793,25.575,-1,-1,0.0,6.07,0.111,0.039,8.95,Low,Traffic,12.45,23.48,0.0027,0.077,0.0098,0,Normal,Normal,-0.415,2,2026-03-31 08:00:00+00:00,False,,,
2026-04-01 01:00:00+00:00,New York,1.39,12.27,60,8.14,19.5,27.6,29.35,1,0,0,1.13,1.138,3.735,22.235,-1,-1,0.39,7.34,0.169,0.0501,11.89,Low,Traffic,12.54,23.48,0.0037,0.1027,0.0125,0,Normal,Normal,0.054,2,2026-03-31 08:00:00+00:00,False,,,
2026-04-01 02:00:00+00:00,New York,1.0,12.83,59,8.75,19.6,27.1,27.68,2,0,0,1.13,1.138,3.641,22.105,-1,-1,-0.39,-1.67,0.113,0.0371,10.89,Low,Traffic,12.7,23.48,0.0027,0.0969,0.0093,0,Normal,Normal,-0.1,2,2026-03-31 08:00:00+00:00,False,,,
2026-04-01 03:00:00+00:00,New York,1.25,12.3,61,8.34,22.1,27.6,19.93,3,0,0,1.213,1.107,3.49,22.12,-1,-1,0.25,-7.75,0.148,0.049,8.53,Low,Traffic,12.63,23.48,0.0033,0.0698,0.0122,0,Normal,Normal,-0.64,2,2026-03-31 08:00:00+00:00,False,,,
2026-04-01 04:00:00+00:00,New York,1.0,11.73,63,7.85,24.1,27.4,12.04,4,0,0,1.083,1.107,3.296,21.158,-1,-1,-0.25,-7.89,0.126,0.0637,6.07,Low,Traffic,12.4,23.48,0.0027,0.0421,0.0159,0,Normal,Normal,-1.135,2,2026-03-31 08:00:00+00:00,False,,,
2026-04-01 05:00:00+00:00,New York,1.0,11.36,62,8.5,19.0,24.9,23.69,5,0,0,1.083,1.107,3.14,22.45,-1,1,0.0,11.65,0.116,0.0486,9.78,Low,Traffic,12.26,23.48,0.0027,0.0829,0.0122,0,Normal,Normal,-0.34,2,2026-03-31 08:00:00+00:00,False,,,
2026-04-01 06:00:00+00:00,New York,3.57,10.97,67,7.23,18.8,25.0,24.8,6,0,0,1.857,1.535,3.152,22.915,1,1,2.57,1.11,0.487,0.0894,11.86,Low,Traffic,12.24,23.48,0.0095,0.0868,0.0223,0,Normal,Normal,-0.261,2,2026-03-31 08:00:00+00:00,False,,,
2026-04-01 07:00:00+00:00,New York,5.59,9.63,61,7.68,12.5,24.9,49.8,7,1,0,3.387,2.235,2.977,26.323,1,1,2.02,25.0,0.719,0.0619,20.47,Moderate,Traffic,12.11,22.76,0.0149,0.1743,0.0155,0,Normal,Normal,1.457,1,2026-03-31 08:00:00+00:00,False,,,
2026-04-01 08:00:00+00:00,New York,4.81,8.9,66,7.64,11.9,24.8,52.02,8,1,0,4.657,2.87,2.79,30.38,1,1,-0.78,2.22,0.621,0.0765,21.4,Moderate,Traffic,12.05,21.4,0.0128,0.1821,0.0191,0,Normal,Normal,1.62,0,,False,,,
2026-04-01 09:00:00+00:00,New York,6.05,8.08,71,7.64,14.7,25.5,42.35,9,1,0,5.483,3.67,2.777,34.117,1,1,1.24,-9.67,0.782,0.0901,18.68,Low,Traffic,11.96,21.4,0.0161,0.1482,0.0225,0,Normal,Normal,1.008,0,,False,,,
2026-04-01 10:00:00+00:00,New York,1.0,6.81,64,7.09,19.3,24.6,21.54,10,0,0,3.953,3.67,2.626,35.7,1,1,-5.05,-20.81,0.139,0.0844,9.92,Low,Traffic,12.07,21.4,0.0027,0.0754,0.0211,0,Normal,Normal,-0.512,0,,False,,,
2026-04-01 11:00:00+00:00,New York,1.0,6.7,63,9.04,21.5,25.0,14.0,11,0,0,2.683,3.67,2.535,34.085,1,1,0.0,-7.54,0.109,0.0419,6.22,Low,Traffic,11.82,21.4,0.0027,0.049,0.0105,0,Normal,Normal,-1.002,0,,False,,,
2026-04-01 12:00:00+00:00,New York,1.0,6.53,60,7.86,20.4,24.9,18.07,12,0,0,1.0,3.242,2.437,32.963,-1,-1,0.0,4.07,0.126,0.0555,7.98,Low,Traffic,11.77,21.4,0.0027,0.0632,0.0139,0,Normal,Normal,-0.71,0,,False,,,
2026-04-01 13:00:00+00:00,New York,1.0,6.01,60,8.81,19.3,24.9,22.49,13,0,0,1.0,2.477,2.42,28.412,-1,-1,0.0,4.42,0.112,0.0385,9.1,Low,Traffic,11.88,21.4,0.0027,0.0787,0.0096,0,Normal,Normal,-0.43,0,,False,,,
2026-04-01 14:00:00+00:00,New York,1.0,5.48,67,10.1,20.9,25.0,16.4,14,0,0,1.0,1.842,2.352,22.475,-1,-1,0.0,-6.09,0.098,0.035,6.89,Low,Traffic,11.78,21.4,0.0027,0.0574,0.0088,0,Normal,Normal,-0.852,0,,False,,,
2026-04-01 15:00:00+00:00,New York,1.0,6.72,66,9.52,20.2,25.0,19.2,15,0,0,1.0,1.0,2.304,18.617,-1,-1,0.0,2.8,0.104,0.0412,8.02,Low,Traffic,11.65,21.4,0.0027,0.0672,0.0103,0,Normal,Normal,-0.627,0,,False,,,
2026-04-01 16:00:00+00:00,New York,1.0,6.15,64,8.94,20.0,25.4,21.26,16,0,0,1.0,1.0,2.304,18.57,-1,-1,0.0,2.06,0.111,0.0458,8.85,Low,Traffic,11.7,21.4,0.0027,0.0744,0.0114,0,Normal,Normal,-0.499,0,,False,,,
2026-04-01 17:00:00+00:00,New York,5.27,7.74,60,9.08,14.5,24.5,40.82,17,1,0,2.423,1.712,2.225,23.04,-1,1,4.27,19.56,0.574,0.0343,16.55,Low,Traffic,11.53,21.4,0.014,0.1429,0.0086,0,Normal,Normal,0.992,0,,False,,,
2026-04-01 18:00:00+00:00,New York,1.0,7.35,64,11.29,14.2,24.9,42.97,18,1,0,2.423,1.712,2.08,27.19,1,1,-4.27,2.15,0.088,0.0149,15.68,Low,Traffic,11.29,21.4,0.0027,0.1504,0.0037,0,Normal,Normal,1.298,0,,False,,,
2026-04-01 19:00:00+00:00,New York,3.2,7.87,62,10.18,16.4,25.7,36.19,19,1,0,3.157,2.078,1.982,29.473,1,1,2.2,-6.78,0.311,0.0237,14.11,Low,Traffic,11.06,21.4,0.0085,0.1267,0.0059,0,Normal,Normal,0.84,0,,False,,,
2026-04-01 20:00:00+00:00,New York,1.0,8.56,62,10.41,21.3,24.6,13.41,20,0,0,1.733,2.078,1.982,28.975,1,1,-2.2,-22.78,0.095,0.0209,5.48,Low,Traffic,10.83,21.4,0.0027,0.0469,0.0052,0,Normal,Normal,-1.073,0,,False,,,
2026-04-01 21:00:00+00:00,New York,1.0,10.34,60,10.17,18.7,24.6,23.98,21,0,0,1.733,2.078,1.964,29.772,1,1,0.0,10.57,0.097,0.0197,9.15,Low,Traffic,10.85,21.4,0.0027,0.0839,0.0049,0,Normal,Normal,-0.187,0,,False,,,
2026-04-01 22:00:00+00:00,New York,6.62,11.59,54,4.46,19.7,25.1,21.51,22,0,0,2.873,3.015,2.198,29.813,1,1,5.62,-2.47,1.452,0.1466,12.95,Low,Traffic,11.09,21.4,0.0176,0.0753,0.0366,0,Normal,Normal,-0.415,0,,False,,,
2026-04-01 23:00:00+00:00,New York,4.51,12.87,62,5.74,21.2,25.1,15.54,23,0,0,4.043,2.888,2.344,25.6,1,-1,-2.11,-5.97,0.772,0.1207,9.66,Low,Traffic,11.21,21.4,0.012,0.0544,0.0302,0,Normal,Normal,-0.929,0,,False,,,
2026-04-02 00:00:00+00:00,New York,6.39,13.14,58,4.89,20.3,27.3,25.64,0,0,0,5.84,3.787,2.569,22.712,1,-1,1.88,10.1,1.281,0.142,14.22,Low,Traffic,11.43,21.4,0.017,0.0897,0.0355,0,Normal,Normal,-0.07,0,,False,,,
2026-04-02 01:00:00+00:00,New York,6.6,13.29,59,4.88,22.3,27.5,18.91,1,0,0,5.833,4.353,2.786,19.832,1,-1,0.21,-6.73,1.325,0.1467,12.05,Low,Traffic,11.44,21.4,0.0176,0.0662,0.0367,0,Normal,Normal,-0.611,0,,False,,,
2026-04-02 02:00:00+00:00,New York,7.45,13.81,63,3.57,24.2,27.3,11.36,2,0,0,6.813,5.428,3.055,19.49,1,-1,0.85,-7.55,2.03,0.2593,12.45,Low,Weather,11.5,21.4,0.0199,0.0398,0.0648,0,Normal,Normal,-1.165,0,,False,,,
2026-04-02 03:00:00+00:00,New York,6.54,14.28,59,3.6,20.2,27.8,27.34,3,0,0,6.863,6.352,3.275,20.05,1,-1,-0.91,15.98,1.768,0.2334,17.15,Low,Traffic,11.86,21.4,0.0174,0.0957,0.0584,0,Normal,Normal,0.142,0,,False,,,
2026-04-02 04:00:00+00:00,New York,3.84,13.48,60,4.62,23.5,28.0,16.07,4,0,0,5.943,5.888,3.393,19.143,1,-1,-2.7,-11.27,0.814,0.165,10.76,Low,Traffic,12.06,21.4,0.0102,0.0562,0.0412,0,Normal,Normal,-0.827,0,,False,,,
2026-04-02 05:00:00+00:00,New York,8.14,12.46,60,2.99,20.9,25.3,17.39,5,0,0,6.173,6.493,3.691,19.452,1,-1,4.3,1.32,2.634,0.3069,15.93,Low,Weather,12.31,21.4,0.0217,0.0609,0.0767,0,Normal,Normal,-0.686,0,,False,,,
2026-04-02 06:00:00+00:00,New York,6.78,11.62,61,3.72,20.9,25.6,18.36,6,0,0,6.253,6.558,3.825,18.238,1,-1,-1.36,0.97,1.775,0.2339,14.09,Low,Traffic,12.41,21.4,0.0181,0.0643,0.0585,0,Normal,Normal,-0.577,0,,False,,,
2026-04-02 07:00:00+00:00,New York,13.15,11.42,65,2.83,9.4,25.7,63.42,7,1,0,9.357,7.65,4.14,25.657,1,1,6.37,45.06,4.488,0.3654,34.85,Moderate,Traffic,13.01,34.85,0.0351,0.222,0.0914,1,Moderate,Spike,2.799,1,2026-04-02 07:00:00+00:00,False,,,
2026-04-02 08:00:00+00:00,New York,11.99,11.1,59,3.06,8.5,24.4,65.16,8,1,0,10.64,8.407,4.439,34.623,1,1,-1.16,1.74,3.794,0.2911,33.29,Moderate,Traffic,13.5,34.85,0.032,0.2281,0.0728,1,Moderate,Spike,2.63,2,2026-04-02 08:00:00+00:00,False,,,
2026-04-02 09:00:00+00:00,New York,12.57,9.79,62,2.89,9.5,24.4,61.07,9,1,0,12.57,9.412,4.71,40.245,1,1,0.58,-4.09,4.204,0.3348,33.09,Moderate,Traffic,14.1,34.85,0.0335,0.2137,0.0837,1,Moderate,Spike,2.111,3,2026-04-02 09:00:00+00:00,False,,,
2026-04-02 10:00:00+00:00,New York,5.46,9.04,57,4.43,8.6,24.7,65.18,10,0,0,10.007,9.682,4.896,48.43,1,1,-7.11,4.11,1.205,0.1623,28.33,Moderate,Traffic,14.87,34.85,0.0146,0.2281,0.0406,1,Moderate,Spike,2.036,4,2026-04-02 10:00:00+00:00,False,,,
2026-04-02 11:00:00+00:00,New York,7.27,8.49,60,4.64,9.7,25.0,61.2,11,0,0,8.433,9.537,5.158,55.732,1,1,1.81,-3.98,1.534,0.1639,27.46,Moderate,Traffic,15.75,34.85,0.0194,0.2142,0.041,0,Normal,Normal,1.623,4,2026-04-02 10:00:00+00:00,False,,,
2026-04-02 12:00:00+00:00,New York,7.11,8.0,61,3.58,21.1,25.3,16.6,12,0,0,6.613,9.592,5.412,55.438,1,1,-0.16,-44.6,1.932,0.2468,13.88,Low,Weather,16.0,34.85,0.019,0.0581,0.0617,0,Normal,Normal,-0.765,4,2026-04-02 10:00:00+00:00,False,,,
2026-04-02 13:00:00+00:00,New York,6.21,7.45,56,4.63,21.8,25.1,13.15,13,0,0,6.863,8.435,5.629,47.06,-1,-1,-0.9,-3.45,1.313,0.1465,9.92,Low,Traffic,16.03,34.85,0.0166,0.046,0.0366,0,Normal,Normal,-0.915,4,2026-04-02 10:00:00+00:00,False,,,
2026-04-02 14:00:00+00:00,New York,6.71,7.91,59,4.5,18.5,24.7,25.1,14,0,0,6.677,7.555,5.867,40.383,-1,-1,0.5,11.95,1.459,0.1674,14.75,Low,Traffic,16.36,34.85,0.0179,0.0878,0.0418,0,Normal,Normal,-0.307,4,2026-04-02 10:00:00+00:00,False,,,
2026-04-02 15:00:00+00:00,New York,4.37,7.84,66,5.11,20.3,24.5,17.14,15,0,0,5.763,6.188,6.008,33.062,-1,-1,-2.34,-7.96,0.839,0.1641,11.26,Low,Traffic,16.5,34.85,0.0116,0.06,0.041,0,Normal,Normal,-0.725,4,2026-04-02 10:00:00+00:00,False,,,
2026-04-02 16:00:00+00:00,New York,4.91,8.01,57,5.17,21.5,25.0,14.0,16,0,0,5.33,6.097,6.17,24.532,-1,-1,0.54,-3.14,0.932,0.1249,9.33,Low,Traffic,16.52,34.85,0.0131,0.049,0.0312,0,Normal,Normal,-0.866,4,2026-04-02 10:00:00+00:00,False,,,
2026-04-02 17:00:00+00:00,New York,9.05,9.08,62,5.78,9.3,25.5,63.53,17,1,0,6.11,6.393,6.328,24.92,-1,-1,4.14,49.53,1.539,0.1191,27.63,Moderate,Traffic,16.98,34.85,0.0241,0.2224,0.0298,0,Normal,Normal,1.597,4,2026-04-02 10:00:00+00:00,False,,,
2026-04-02 18:00:00+00:00,New York,9.05,8.68,60,5.03,10.1,24.8,59.27,18,1,0,7.67,6.717,6.663,32.032,1,-1,0.0,-4.26,1.764,0.1435,26.74,Moderate,Traffic,17.44,34.85,0.0241,0.2074,0.0359,0,Normal,Normal,1.307,4,2026-04-02 10:00:00+00:00,False,,,
2026-04-02 19:00:00+00:00,New York,9.05,9.89,59,6.38,9.3,24.8,62.5,19,1,0,9.05,7.19,6.907,40.257,1,1,0.0,3.23,1.397,0.0887,26.51,Moderate,Traffic,17.96,34.85,0.0241,0.2188,0.0222,0,Normal,Normal,1.352,4,2026-04-02 10:00:00+00:00,False,,,
2026-04-02 20:00:00+00:00,New York,5.34,10.88,60,5.41,21.7,25.3,14.23,20,0,0,7.813,6.962,7.088,38.445,1,1,-3.71,-48.27,0.969,0.1264,9.56,Low,Traffic,18.13,34.85,0.0142,0.0498,0.0316,0,Normal,Normal,-0.878,4,2026-04-02 10:00:00+00:00,False,,,
2026-04-02 21:00:00+00:00,New York,3.3,10.85,62,5.33,21.3,24.9,14.46,21,0,0,5.897,6.783,7.184,37.998,1,1,-2.04,0.23,0.608,0.1376,9.38,Low,Traffic,18.14,34.85,0.0088,0.0506,0.0344,0,Normal,Normal,-0.839,4,2026-04-02 10:00:00+00:00,False,,,
2026-04-02 22:00:00+00:00,New York,3.33,10.06,62,6.45,19.1,24.4,21.72,22,0,0,3.99,6.52,7.047,39.285,-1,-1,0.03,7.26,0.508,0.0963,10.9,Low,Traffic,18.05,34.85,0.0089,0.076,0.0241,0,Normal,Normal,-0.508,4,2026-04-02 10:00:00+00:00,False,,,
2026-04-02 23:00:00+00:00,New York,4.67,11.07,65,7.0,21.9,25.4,13.78,23,0,0,3.767,5.79,7.053,30.993,-1,-1,1.34,-7.94,0.658,0.0897,8.3,Low,Traffic,17.99,34.85,0.0124,0.0482,0.0224,0,Normal,Normal,-0.865,4,2026-04-02 10:00:00+00:00,False,,,
2026-04-03 00:00:00+00:00,New York,4.8,10.99,69,6.06,22.1,28.1,21.35,0,0,0,4.267,5.082,6.987,24.673,-1,-1,0.13,7.57,0.779,0.133,12.07,Low,Traffic,17.9,34.85,0.0128,0.0747,0.0332,0,Normal,Normal,-0.51,4,2026-04-02 10:00:00+00:00,False,,,
2026-04-03 01:00:00+00:00,New York,3.75,11.43,65,5.68,20.8,27.8,25.18,1,0,0,4.407,4.198,6.868,18.453,-1,-1,-1.05,3.83,0.649,0.134,13.16,Low,Traffic,17.95,34.85,0.01,0.0881,0.0335,0,Normal,Normal,-0.35,4,2026-04-02 10:00:00+00:00,False,,,
2026-04-03 02:00:00+00:00,New York,5.59,11.94,60,4.87,21.1,27.5,23.27,2,0,0,4.713,4.24,6.791,19.96,-1,-1,1.84,-1.91,1.125,0.1515,13.42,Low,Traffic,17.99,34.85,0.0149,0.0814,0.0379,0,Normal,Normal,-0.468,4,2026-04-02 10:00:00+00:00,False,,,
2026-04-03 03:00:00+00:00,New York,3.93,11.36,59,6.06,22.6,28.1,19.57,3,0,0,4.423,4.345,6.682,20.812,-1,-1,-1.66,-3.7,0.638,0.0987,10.37,Low,Traffic,17.71,34.85,0.0105,0.0685,0.0247,0,Normal,Normal,-0.621,4,2026-04-02 10:00:00+00:00,False,,,
2026-04-03 04:00:00+00:00,New York,4.17,11.37,71,5.25,24.2,27.7,12.64,4,0,0,4.563,4.485,6.696,19.298,1,1,0.24,-6.93,0.779,0.1768,9.95,Low,Traffic,17.67,34.85,0.0111,0.0442,0.0442,0,Normal,Normal,-0.928,4,2026-04-02 10:00:00+00:00,False,,,
2026-04-03 05:00:00+00:00,New York,5.82,11.36,73,4.49,20.9,25.3,17.39,5,0,0,4.64,4.677,6.599,19.9,1,-1,1.65,4.75,1.268,0.2326,13.46,Low,Traffic,17.57,34.85,0.0155,0.0609,0.0582,0,Normal,Normal,-0.71,4,2026-04-02 10:00:00+00:00,False,,,
2026-04-03 06:00:00+00:00,New York,5.82,10.34,65,4.29,18.6,25.4,26.77,6,0,0,5.27,4.847,6.559,20.803,1,-1,0.0,9.38,1.326,0.2093,16.15,Low,Traffic,17.66,34.85,0.0155,0.0937,0.0523,0,Normal,Normal,-0.299,4,2026-04-02 10:00:00+00:00,False,,,
2026-04-03 07:00:00+00:00,New York,10.91,9.67,66,6.41,15.0,25.2,40.48,7,1,0,7.517,6.04,6.466,23.353,1,1,5.09,13.71,1.676,0.1106,19.84,Low,Traffic,17.03,33.29,0.0291,0.1417,0.0276,0,Normal,Normal,0.395,3,2026-04-02 10:00:00+00:00,False,,,
2026-04-03 08:00:00+00:00,New York,11.67,8.76,68,5.37,14.8,25.4,41.73,8,1,0,9.467,7.053,6.453,26.43,1,1,0.76,1.25,2.133,0.1591,21.7,Moderate,Traffic,16.55,33.09,0.0311,0.1461,0.0398,0,Normal,Normal,0.531,2,2026-04-02 10:00:00+00:00,False,,,
2026-04-03 09:00:00+00:00,New York,6.96,8.34,69,5.68,13.2,25.1,47.41,9,1,0,9.847,7.558,6.219,31.07,1,1,-4.71,5.68,1.204,0.1486,22.17,Moderate,Traffic,16.09,28.33,0.0186,0.1659,0.0372,0,Normal,Normal,0.881,1,2026-04-02 10:00:00+00:00,False,,,
2026-04-03 10:00:00+00:00,New York,22.3,7.27,70,6.42,21.0,25.1,16.33,10,0,0,13.643,10.58,6.92,31.685,1,1,15.34,-31.08,3.42,0.1232,14.75,Low,AQI,15.53,27.63,0.0595,0.0572,0.0308,0,Normal,Normal,-0.701,0,,False,,,
2026-04-03 11:00:00+00:00,New York,40.31,6.73,71,6.57,18.6,25.0,25.6,11,0,0,23.19,16.328,8.297,33.053,1,1,18.01,9.27,6.043,0.1213,22.74,Moderate,AQI,15.33,27.63,0.1075,0.0896,0.0303,0,Normal,Normal,-0.1,0,,False,,,
2026-04-03 12:00:00+00:00,New York,21.24,6.62,68,6.88,18.6,25.1,25.9,12,0,0,27.95,18.898,8.886,32.908,1,1,-19.07,0.3,3.043,0.1022,17.28,Low,Traffic,15.47,27.63,0.0566,0.0906,0.0256,0,Normal,Normal,-0.106,0,,False,,,
2026-04-03 13:00:00+00:00,New York,4.43,6.77,69,6.34,19.3,24.8,22.18,13,0,0,21.993,17.818,8.812,29.858,1,-1,-16.81,-3.72,0.688,0.1227,12.01,Low,Traffic,15.56,27.63,0.0118,0.0776,0.0307,0,Normal,Normal,-0.366,0,,False,,,
2026-04-03 14:00:00+00:00,New York,3.26,6.03,68,7.07,19.2,24.2,20.66,14,0,0,9.643,16.417,8.668,26.347,1,-1,-1.17,-1.52,0.455,0.0967,10.52,Low,Traffic,15.38,27.63,0.0087,0.0723,0.0242,0,Normal,Normal,-0.449,0,,False,,,
2026-04-03 15:00:00+00:00,New York,1.0,6.38,64,8.47,21.2,24.5,13.47,15,0,0,2.897,15.423,8.528,20.69,-1,-1,-2.26,-7.19,0.117,0.0541,6.33,Low,Traffic,15.18,27.63,0.0027,0.0471,0.0135,0,Normal,Normal,-0.885,0,,False,,,
2026-04-03 16:00:00+00:00,New York,1.91,6.01,69,8.63,18.5,25.4,27.17,16,0,0,2.057,12.025,8.402,22.497,-1,-1,0.91,13.7,0.219,0.0633,11.6,Low,Traffic,15.27,27.63,0.0051,0.0951,0.0158,0,Normal,Normal,-0.065,0,,False,,,
2026-04-03 17:00:00+00:00,New York,6.11,6.16,70,9.13,14.8,25.4,41.73,17,1,0,3.007,6.325,8.28,25.185,-1,-1,4.2,14.56,0.662,0.0565,17.65,Low,Traffic,14.86,26.74,0.0163,0.1461,0.0141,0,Normal,Normal,1.019,0,,False,,,
2026-04-03 18:00:00+00:00,New York,6.8,7.87,70,7.73,16.0,24.3,34.16,18,1,0,4.94,3.918,8.186,26.562,-1,1,0.69,-7.57,0.868,0.0852,15.9,Low,Traffic,14.4,26.51,0.0181,0.1196,0.0213,0,Normal,Normal,0.632,0,,False,,,
2026-04-03 19:00:00+00:00,New York,7.48,8.09,66,7.94,15.1,25.0,39.6,19,1,0,6.797,4.427,8.121,29.465,-1,1,0.68,5.44,0.93,0.0697,17.6,Low,Traffic,14.03,22.74,0.02,0.1386,0.0174,0,Normal,Normal,1.384,0,,False,,,
2026-04-03 20:00:00+00:00,New York,1.0,8.91,71,7.83,21.1,25.4,16.93,20,0,0,5.093,4.05,7.94,28.843,-1,1,-6.48,-22.67,0.126,0.0855,8.34,Low,Traffic,13.98,22.74,0.0027,0.0593,0.0214,0,Normal,Normal,-0.827,0,,False,,,
2026-04-03 21:00:00+00:00,New York,2.82,9.24,63,7.37,21.8,25.1,13.15,21,0,0,3.767,4.353,7.92,28.79,1,1,1.82,-3.78,0.378,0.0745,7.21,Low,Traffic,13.89,22.74,0.0075,0.046,0.0186,0,Normal,Normal,-1.184,0,,False,,,
2026-04-03 22:00:00+00:00,New York,2.82,12.74,58,8.38,21.1,24.7,14.57,22,0,0,2.213,4.505,7.899,26.69,1,-1,0.0,1.42,0.333,0.0408,6.87,Low,Traffic,13.72,22.74,0.0075,0.051,0.0102,0,Normal,Normal,-0.997,0,,False,,,
2026-04-03 23:00:00+00:00,New York,2.92,14.14,53,9.07,20.5,24.4,15.98,23,0,0,2.853,3.973,7.826,22.398,-1,-1,0.1,1.41,0.318,0.0183,6.83,Low,Traffic,13.66,22.74,0.0078,0.0559,0.0046,0,Normal,Normal,-0.879,0,,False,,,
2026-04-04 00:00:00+00:00,New York,1.45,13.79,59,7.97,23.2,28.4,18.31,0,0,1,2.397,3.082,7.686,19.757,-1,-1,-1.47,2.33,0.18,0.0507,8.07,Low,Traffic,13.5,22.74,0.0039,0.0641,0.0127,0,Normal,Normal,-0.639,0,,False,,,
2026-04-04 01:00:00+00:00,New York,1.01,14.14,52,7.44,22.2,27.7,19.86,1,0,1,1.793,2.003,7.572,16.467,-1,-1,-0.44,1.55,0.134,0.042,8.27,Low,Traffic,13.29,22.74,0.0027,0.0695,0.0105,0,Normal,Normal,-0.468,0,,False,,,
2026-04-04 02:00:00+00:00,New York,6.49,13.95,53,6.22,24.1,27.3,11.72,2,0,1,2.983,2.918,7.61,15.598,-1,-1,5.48,-8.14,1.027,0.0735,7.67,Low,Traffic,13.05,22.74,0.0173,0.041,0.0184,0,Normal,Normal,-1.158,0,,False,,,
2026-04-04 03:00:00+00:00,New York,2.76,14.66,55,7.52,23.6,27.6,14.49,3,0,1,3.42,2.908,7.561,15.822,-1,-1,-3.73,2.77,0.362,0.0488,7.03,Low,Traffic,12.91,22.74,0.0074,0.0507,0.0122,0,Normal,Normal,-0.872,0,,False,,,
2026-04-04 04:00:00+00:00,New York,4.36,13.03,58,5.26,23.9,27.8,14.03,4,0,1,4.537,3.165,7.569,15.732,1,-1,1.6,-0.46,0.813,0.125,9.19,Low,Traffic,12.88,22.74,0.0116,0.0491,0.0312,0,Normal,Normal,-0.924,0,,False,,,
2026-04-04 05:00:00+00:00,New York,5.23,13.92,51,6.05,22.4,25.1,10.76,5,0,1,4.117,3.55,7.544,14.862,1,-1,0.87,-3.27,0.85,0.0715,6.96,Low,Traffic,12.61,22.74,0.014,0.0377,0.0179,0,Normal,Normal,-1.17,0,,False,,,
2026-04-04 06:00:00+00:00,New York,3.26,13.05,56,5.6,19.7,24.9,20.88,6,0,1,4.283,3.852,7.438,15.29,1,-1,-1.97,10.12,0.572,0.1039,10.78,Low,Traffic,12.39,22.74,0.0087,0.0731,0.026,0,Normal,Normal,-0.245,0,,False,,,
2026-04-04 07:00:00+00:00,New York,9.72,11.95,54,6.42,14.1,25.3,44.27,7,1,1,6.07,5.303,7.388,19.358,1,1,6.46,23.39,1.491,0.0713,19.86,Low,Traffic,12.39,22.74,0.0259,0.1549,0.0178,0,Normal,Normal,1.785,0,,False,,,
2026-04-04 08:00:00+00:00,New York,17.85,11.6,58,6.66,12.5,25.1,50.2,8,1,1,10.277,7.197,7.645,25.772,1,1,8.13,5.93,2.641,0.0776,24.27,Moderate,Traffic,12.5,24.27,0.0476,0.1757,0.0194,1,Moderate,Spike,2.143,1,2026-04-04 08:00:00+00:00,False,,,
2026-04-04 09:00:00+00:00,New York,25.56,10.12,55,6.78,11.8,25.2,53.17,9,1,1,17.71,10.997,8.42,32.218,1,1,7.71,2.97,3.715,0.0652,27.06,Moderate,Traffic,12.7,27.06,0.0682,0.1861,0.0163,1,Moderate,Spike,2.269,2,2026-04-04 09:00:00+00:00,False,,,
2026-04-04 10:00:00+00:00,New York,31.42,9.94,56,7.94,21.1,25.5,17.25,10,0,1,24.943,15.507,8.8,32.755,1,1,5.86,-35.92,3.908,0.0434,15.5,Low,AQI,12.73,27.06,0.0838,0.0604,0.0108,0,Normal,Normal,-0.566,2,2026-04-04 09:00:00+00:00,False,,,
2026-04-04 11:00:00+00:00,New York,22.75,9.53,57,6.58,23.3,25.4,8.27,11,0,1,26.577,18.427,8.069,32.34,1,1,-8.67,-8.98,3.406,0.0766,10.88,Low,AQI,12.24,27.06,0.0607,0.0289,0.0192,0,Normal,Normal,-1.179,2,2026-04-04 09:00:00+00:00,False,,,
2026-04-04 12:00:00+00:00,New York,4.79,8.42,59,6.65,21.9,24.8,11.69,12,0,1,19.653,18.682,7.383,30.808,1,-1,-17.96,3.42,0.71,0.081,7.39,Low,Traffic,11.82,27.06,0.0128,0.0409,0.0202,0,Normal,Normal,-0.858,2,2026-04-04 09:00:00+00:00,False,,,
2026-04-04 13:00:00+00:00,New York,2.68,8.78,63,6.98,19.2,24.9,22.89,13,0,1,10.073,17.508,7.31,27.245,1,-1,-2.11,11.2,0.379,0.0843,10.84,Low,Traffic,11.78,27.06,0.0072,0.0801,0.0211,0,Normal,Normal,-0.018,2,2026-04-04 09:00:00+00:00,False,,,
2026-04-04 14:00:00+00:00,New York,1.1,8.0,58,9.01,23.0,24.7,6.88,14,0,1,2.857,14.717,7.22,20.025,-1,-1,-1.58,-16.01,0.121,0.0308,3.47,Low,Traffic,11.48,27.06,0.0029,0.0241,0.0077,0,Normal,Normal,-1.145,2,2026-04-04 09:00:00+00:00,False,,,
2026-04-04 15:00:00+00:00,New York,1.0,8.45,63,8.73,20.8,25.5,18.43,15,0,1,1.593,10.623,7.22,14.235,-1,-1,-0.1,11.55,0.113,0.047,7.9,Low,Traffic,11.55,27.06,0.0027,0.0645,0.0118,0,Normal,Normal,-0.319,2,2026-04-04 09:00:00+00:00,False,,,
2026-04-04 16:00:00+00:00,New York,1.0,9.23,64,9.26,22.1,25.1,11.95,16,0,1,1.033,5.553,7.183,13.352,-1,-1,0.0,-6.48,0.107,0.0407,5.47,Low,Traffic,11.29,27.06,0.0027,0.0418,0.0102,0,Normal,Normal,-0.742,2,2026-04-04 09:00:00+00:00,False,,,
2026-04-04 17:00:00+00:00,New York,8.46,8.99,61,8.49,10.8,25.4,57.48,17,1,1,3.487,3.172,7.28,21.553,-1,1,7.46,45.53,0.985,0.0463,23.54,Moderate,Traffic,11.54,27.06,0.0226,0.2012,0.0116,1,Moderate,Spike,2.309,3,2026-04-04 17:00:00+00:00,False,,,
2026-04-04 18:00:00+00:00,New York,6.05,9.42,58,9.47,13.5,25.4,46.85,18,1,1,5.17,3.382,7.249,27.413,-1,1,-2.41,-10.63,0.632,0.0243,18.62,Low,Traffic,11.65,27.06,0.0161,0.164,0.0061,0,Normal,Normal,1.504,3,2026-04-04 17:00:00+00:00,False,,,
2026-04-04 19:00:00+00:00,New York,7.52,10.0,57,8.56,10.2,24.8,58.87,19,1,1,7.343,4.188,7.251,33.41,-1,1,1.47,12.02,0.868,0.0353,23.48,Moderate,Traffic,11.9,27.06,0.02,0.206,0.0088,1,Moderate,Spike,2.049,4,2026-04-04 19:00:00+00:00,False,,,
2026-04-04 20:00:00+00:00,New York,1.0,11.59,54,8.48,22.7,25.5,10.98,20,0,1,4.857,4.172,7.251,34.093,1,1,-6.52,-47.89,0.117,0.0292,4.84,Low,Traffic,11.75,27.06,0.0027,0.0384,0.0073,0,Normal,Normal,-0.753,4,2026-04-04 19:00:00+00:00,False,,,
2026-04-04 21:00:00+00:00,New York,1.3,12.42,50,8.82,21.6,24.1,10.37,21,0,1,3.273,4.222,7.188,32.75,1,1,0.3,-0.61,0.146,0.0146,4.34,Low,Traffic,11.63,27.06,0.0035,0.0363,0.0036,0,Normal,Normal,-0.778,4,2026-04-04 19:00:00+00:00,False,,,
2026-04-04 22:00:00+00:00,New York,6.81,11.63,59,6.7,20.0,24.2,17.36,22,0,1,3.037,5.19,7.354,33.652,1,1,5.51,6.99,1.001,0.0796,9.89,Low,Traffic,11.76,27.06,0.0182,0.0608,0.0199,0,Normal,Normal,-0.38,4,2026-04-04 19:00:00+00:00,False,,,
2026-04-04 23:00:00+00:00,New York,7.05,11.29,90,6.54,21.5,24.9,13.65,23,0,1,5.053,4.955,7.526,26.347,1,-1,0.24,-3.71,1.062,0.1828,11.23,Low,Traffic,11.94,27.06,0.0188,0.0478,0.0457,0,Normal,Normal,-0.589,4,2026-04-04 19:00:00+00:00,False,,,
2026-04-05 00:00:00+00:00,New York,7.61,12.42,90,5.88,23.7,27.4,13.5,0,0,1,7.157,5.215,7.782,20.788,1,-1,0.56,-0.15,1.273,0.2145,12.11,Low,Weather,12.11,27.06,0.0203,0.0472,0.0536,0,Normal,Normal,-0.583,4,2026-04-04 19:00:00+00:00,False,,,
2026-04-05 01:00:00+00:00,New York,7.61,12.87,90,6.09,21.7,27.4,20.8,1,0,1,7.423,5.23,8.058,14.443,1,-1,0.0,7.3,1.229,0.2037,14.4,Low,Traffic,12.36,27.06,0.0203,0.0728,0.0509,0,Normal,Normal,-0.163,4,2026-04-04 19:00:00+00:00,False,,,
2026-04-05 02:00:00+00:00,New York,7.61,12.32,90,5.7,22.4,28.0,20.0,2,0,1,7.61,6.332,8.104,15.947,1,-1,0.0,-0.8,1.312,0.2244,14.64,Low,Traffic,12.65,27.06,0.0203,0.07,0.0561,0,Normal,Normal,-0.231,4,2026-04-04 19:00:00+00:00,False,,,
2026-04-05 03:00:00+00:00,New York,7.75,12.75,90,5.48,21.7,27.6,21.38,3,0,1,7.657,7.407,8.312,17.782,1,-1,0.14,1.38,1.389,0.2373,15.48,Low,Traffic,13.01,27.06,0.0207,0.0748,0.0593,0,Normal,Normal,-0.169,4,2026-04-04 19:00:00+00:00,False,,,
2026-04-05 04:00:00+00:00,New York,11.03,12.93,90,4.13,24.6,27.8,11.51,4,0,1,8.797,8.11,8.59,16.807,1,1,3.28,-9.87,2.608,0.3462,15.63,Low,Weather,13.27,27.06,0.0294,0.0403,0.0866,0,Normal,Normal,-0.739,4,2026-04-04 19:00:00+00:00,False,,,
2026-04-05 05:00:00+00:00,New York,9.4,12.15,90,4.88,22.0,25.3,13.04,5,0,1,9.393,8.502,8.764,16.705,1,1,-1.63,1.53,1.888,0.2784,14.03,Low,Weather,13.57,27.06,0.0251,0.0456,0.0696,0,Normal,Normal,-0.658,4,2026-04-04 19:00:00+00:00,False,,,
2026-04-05 06:00:00+00:00,New York,8.0,11.13,90,5.25,21.2,24.7,14.17,6,0,1,9.477,8.567,8.961,16.817,1,-1,-1.4,1.13,1.495,0.252,13.39,Low,Weather,13.68,27.06,0.0213,0.0496,0.063,0,Normal,Normal,-0.571,4,2026-04-04 19:00:00+00:00,False,,,
2026-04-05 07:00:00+00:00,New York,14.45,10.03,90,4.92,15.3,24.5,37.55,7,1,1,10.617,9.707,9.158,19.608,1,1,6.45,23.38,2.878,0.2754,23.87,Moderate,Traffic,13.84,27.06,0.0385,0.1314,0.0688,0,Normal,Normal,0.824,4,2026-04-04 19:00:00+00:00,False,,,
2026-04-05 08:00:00+00:00,New York,12.92,9.93,90,5.19,13.8,24.9,44.58,8,1,1,11.79,10.592,8.953,23.705,1,1,-1.53,7.03,2.442,0.256,25.44,Moderate,Traffic,13.89,27.06,0.0344,0.156,0.064,0,Normal,Normal,1.283,3,2026-04-04 19:00:00+00:00,False,,,
2026-04-05 09:00:00+00:00,New York,16.58,10.01,90,3.99,13.5,25.3,46.64,9,1,1,14.65,12.063,8.579,27.915,1,1,3.66,2.06,4.054,0.3616,29.78,Moderate,Traffic,14.01,29.78,0.0442,0.1632,0.0904,0,Normal,Normal,1.465,2,2026-04-04 19:00:00+00:00,False,,,
2026-04-05 10:00:00+00:00,New York,7.6,8.45,90,4.35,21.3,24.7,13.77,10,0,1,12.367,11.492,7.586,28.292,1,1,-8.98,-32.87,1.708,0.324,14.95,Low,Weather,13.98,29.78,0.0203,0.0482,0.081,0,Normal,Normal,-0.575,2,2026-04-04 19:00:00+00:00,False,,,
2026-04-05 11:00:00+00:00,New York,8.78,7.48,90,5.22,22.5,24.8,9.27,11,0,1,10.987,11.388,7.004,27.663,1,1,1.18,-4.5,1.65,0.254,11.93,Low,Weather,14.03,29.78,0.0234,0.0324,0.0635,0,Normal,Normal,-0.86,2,2026-04-04 19:00:00+00:00,False,,,
2026-04-05 12:00:00+00:00,New York,8.86,7.57,90,5.04,21.0,24.2,13.22,12,0,1,8.413,11.532,7.174,27.505,-1,-1,0.08,3.95,1.724,0.2665,13.65,Low,Weather,14.29,29.78,0.0236,0.0463,0.0666,0,Normal,Normal,-0.619,2,2026-04-04 19:00:00+00:00,False,,,
2026-04-05 13:00:00+00:00,New York,6.47,6.75,65,6.76,20.9,24.5,14.69,13,0,1,8.037,10.202,7.332,23.695,-1,-1,-2.39,1.47,0.943,0.0965,9.27,Low,Traffic,14.22,29.78,0.0172,0.0514,0.0241,0,Normal,Normal,-0.503,2,2026-04-04 19:00:00+00:00,False,,,
2026-04-05 14:00:00+00:00,New York,6.72,6.7,62,6.75,21.8,24.8,12.1,14,0,1,7.35,9.168,7.566,18.282,-1,-1,0.25,-2.59,0.981,0.0876,8.22,Low,Traffic,14.42,29.78,0.0179,0.0424,0.0219,0,Normal,Normal,-0.686,2,2026-04-04 19:00:00+00:00,False,,,
2026-04-05 15:00:00+00:00,New York,6.72,7.42,68,5.92,21.0,25.1,16.33,15,0,1,6.637,7.525,7.804,13.23,-1,-1,0.0,4.23,1.116,0.135,10.89,Low,Traffic,14.55,29.78,0.0179,0.0572,0.0338,0,Normal,Normal,-0.413,2,2026-04-04 19:00:00+00:00,False,,,
2026-04-05 16:00:00+00:00,New York,9.63,7.78,63,6.74,22.7,25.1,9.56,16,0,1,7.69,7.863,8.164,12.528,-1,-1,2.91,-6.77,1.408,0.0909,8.19,Low,Traffic,14.66,29.78,0.0257,0.0335,0.0227,0,Normal,Normal,-0.828,2,2026-04-04 19:00:00+00:00,False,,,
2026-04-05 17:00:00+00:00,New York,10.99,7.58,67,6.53,13.9,25.1,44.62,17,1,1,9.113,8.232,8.269,18.42,-1,1,1.36,35.06,1.658,0.1099,21.3,Moderate,Traffic,14.57,29.78,0.0293,0.1562,0.0275,0,Normal,Normal,1.49,1,2026-04-04 19:00:00+00:00,False,,,
2026-04-05 18:00:00+00:00,New York,12.33,8.59,66,7.17,13.5,24.9,45.78,18,1,1,10.983,8.81,8.531,23.847,1,1,1.34,1.16,1.696,0.0881,21.51,Moderate,Traffic,14.69,29.78,0.0329,0.1602,0.022,0,Normal,Normal,1.578,1,2026-04-04 19:00:00+00:00,False,,,
2026-04-05 19:00:00+00:00,New York,12.33,8.68,59,6.48,12.0,24.7,51.42,19,1,1,11.883,9.787,8.731,29.968,1,1,0.0,5.64,1.874,0.0858,23.43,Moderate,Traffic,14.68,29.78,0.0329,0.18,0.0214,1,Moderate,Spike,2.08,1,2026-04-05 19:00:00+00:00,False,,,
2026-04-05 20:00:00+00:00,New York,6.62,10.22,56,6.83,20.5,25.3,18.97,20,0,1,10.427,9.77,8.965,31.113,1,1,-5.71,-32.45,0.955,0.067,10.08,Low,Traffic,14.9,29.78,0.0176,0.0664,0.0168,0,Normal,Normal,-0.235,1,2026-04-05 19:00:00+00:00,False,,,
2026-04-05 21:00:00+00:00,New York,7.55,10.55,59,6.08,22.0,24.9,11.65,21,0,1,8.833,9.908,9.226,30.333,1,1,0.93,-7.32,1.222,0.098,8.54,Low,Traffic,15.08,29.78,0.0201,0.0408,0.0245,0,Normal,Normal,-0.764,1,2026-04-05 19:00:00+00:00,False,,,
2026-04-05 22:00:00+00:00,New York,7.57,10.35,56,8.35,22.3,25.2,11.51,22,0,1,7.247,9.565,9.258,30.658,-1,1,0.02,-0.14,0.896,0.0363,6.96,Low,Traffic,14.96,29.78,0.0202,0.0403,0.0091,0,Normal,Normal,-0.749,1,2026-04-05 19:00:00+00:00,False,,,
2026-04-05 23:00:00+00:00,New York,7.48,10.68,63,7.7,21.8,24.7,11.74,23,0,1,7.533,8.98,9.275,25.178,-1,-1,-0.09,0.23,0.959,0.0669,7.78,Low,Traffic,14.81,29.78,0.02,0.0411,0.0167,0,Normal,Normal,-0.724,1,2026-04-05 19:00:00+00:00,False,,,
2026-04-06 00:00:00+00:00,New York,6.19,10.59,60,7.61,22.8,27.4,16.79,0,0,0,7.08,7.957,9.216,20.347,-1,-1,-1.29,5.05,0.803,0.0607,9.05,Low,Traffic,14.68,29.78,0.0165,0.0588,0.0152,0,Normal,Normal,-0.379,1,2026-04-05 19:00:00+00:00,False,,,
2026-04-06 01:00:00+00:00,New York,8.31,12.22,66,7.12,20.0,27.8,28.06,1,0,0,7.327,7.287,9.245,16.453,-1,-1,2.12,11.27,1.151,0.0895,14.28,Low,Traffic,14.68,29.78,0.0222,0.0982,0.0224,0,Normal,Normal,0.398,1,2026-04-05 19:00:00+00:00,False,,,
2026-04-06 02:00:00+00:00,New York,6.61,11.49,61,7.73,20.8,27.7,24.91,2,0,0,7.037,7.285,9.204,17.443,-1,-1,-1.7,-3.15,0.844,0.0609,12.0,Low,Traffic,14.57,29.78,0.0176,0.0872,0.0152,0,Normal,Normal,0.161,1,2026-04-05 19:00:00+00:00,False,,,
2026-04-06 03:00:00+00:00,New York,8.3,11.33,58,6.9,21.4,27.1,21.03,3,0,0,7.74,7.41,9.227,19.007,-1,-1,1.69,-3.88,1.186,0.0714,11.35,Low,Traffic,14.4,29.78,0.0221,0.0736,0.0178,0,Normal,Normal,-0.113,1,2026-04-05 19:00:00+00:00,False,,,
2026-04-06 04:00:00+00:00,New York,9.58,12.05,92,6.31,23.4,26.5,11.7,4,0,0,8.163,7.745,9.166,19.038,1,1,1.28,-9.33,1.495,0.1997,11.65,Low,Weather,14.23,29.78,0.0256,0.041,0.0499,0,Normal,Normal,-0.774,1,2026-04-05 19:00:00+00:00,False,,,
2026-04-06 05:00:00+00:00,New York,7.47,10.26,92,6.31,21.6,24.7,12.55,5,0,0,8.45,7.743,9.086,19.173,1,1,-2.11,0.85,1.165,0.1997,11.37,Low,Weather,14.12,29.78,0.0199,0.0439,0.0499,0,Normal,Normal,-0.711,1,2026-04-05 19:00:00+00:00,False,,,
2026-04-06 06:00:00+00:00,New York,5.61,10.3,92,7.01,21.2,24.7,14.17,6,0,0,7.553,7.647,8.986,18.737,1,-1,-1.86,1.62,0.789,0.1698,10.7,Low,Traffic,14.01,29.78,0.015,0.0496,0.0424,0,Normal,Normal,-0.597,1,2026-04-05 19:00:00+00:00,False,,,
2026-04-06 07:00:00+00:00,New York,13.96,9.5,92,6.23,14.1,25.1,43.82,7,1,0,9.013,8.588,8.966,21.363,1,1,8.35,29.65,2.205,0.2036,24.15,Moderate,Traffic,14.02,29.78,0.0372,0.1534,0.0509,0,Normal,Normal,1.447,1,2026-04-05 19:00:00+00:00,False,,,
2026-04-06 08:00:00+00:00,New York,11.69,8.34,92,6.61,12.8,24.7,48.18,8,1,0,10.42,9.435,8.915,25.242,1,1,-2.27,4.36,1.742,0.1862,24.64,Moderate,Traffic,13.99,29.78,0.0312,0.1686,0.0466,0,Normal,Normal,1.708,1,2026-04-05 19:00:00+00:00,False,,,
2026-04-06 09:00:00+00:00,New York,13.41,7.59,92,6.43,10.4,24.5,57.55,9,1,0,13.02,10.287,8.782,31.328,1,1,1.72,9.37,2.054,0.1941,28.57,Moderate,Traffic,13.94,28.57,0.0358,0.2014,0.0485,1,Moderate,Spike,2.179,2,2026-04-06 09:00:00+00:00,False,,,
2026-04-06 10:00:00+00:00,New York,7.66,7.32,92,7.88,21.1,25.2,16.27,10,0,0,10.92,9.967,8.785,32.09,1,1,-5.75,-41.28,0.96,0.14,11.23,Low,Traffic,13.78,28.57,0.0204,0.0569,0.035,0,Normal,Normal,-0.469,2,2026-04-06 09:00:00+00:00,False,,,
2026-04-06 11:00:00+00:00,New York,7.55,6.13,92,7.6,21.2,25.3,16.21,11,0,0,9.54,9.98,8.734,32.7,1,1,-0.11,-0.06,0.981,0.1489,11.4,Low,Traffic,13.76,28.57,0.0201,0.0567,0.0372,0,Normal,Normal,-0.499,2,2026-04-06 09:00:00+00:00,False,,,
2026-04-06 12:00:00+00:00,New York,5.05,6.26,92,8.3,22.4,25.7,12.84,12,0,0,6.753,9.887,8.575,32.478,-1,1,-2.5,-3.37,0.601,0.1278,9.04,Low,Traffic,13.57,28.57,0.0135,0.0449,0.032,0,Normal,Normal,-0.716,2,2026-04-06 09:00:00+00:00,False,,,
2026-04-06 13:00:00+00:00,New York,5.7,5.28,92,8.52,20.6,25.0,17.6,13,0,0,6.1,8.51,8.543,28.108,-1,-1,0.65,4.76,0.661,0.1219,10.73,Low,Traffic,13.63,28.57,0.0152,0.0616,0.0305,0,Normal,Normal,-0.416,2,2026-04-06 09:00:00+00:00,False,,,
2026-04-06 14:00:00+00:00,New York,6.82,6.04,62,7.22,18.8,25.4,25.98,14,0,0,5.857,7.698,8.547,24.408,-1,-1,1.12,8.38,0.932,0.0753,12.79,Low,Traffic,13.82,28.57,0.0182,0.0909,0.0188,0,Normal,Normal,0.095,2,2026-04-06 09:00:00+00:00,False,,,
2026-04-06 15:00:00+00:00,New York,5.13,6.05,63,9.14,18.9,24.6,23.17,15,0,0,5.883,6.318,8.481,18.678,-1,-1,-1.69,-2.81,0.555,0.0403,10.49,Low,Traffic,13.8,28.57,0.0137,0.0811,0.0101,0,Normal,Normal,-0.111,2,2026-04-06 09:00:00+00:00,False,,,
2026-04-06 16:00:00+00:00,New York,4.06,6.25,65,9.33,19.9,25.0,20.4,16,0,0,5.337,5.718,8.249,19.367,-1,-1,-1.07,-2.77,0.431,0.0419,9.27,Low,Traffic,13.85,28.57,0.0108,0.0714,0.0105,0,Normal,Normal,-0.333,2,2026-04-06 09:00:00+00:00,False,,,
2026-04-06 17:00:00+00:00,New York,9.19,6.05,62,9.44,11.6,25.1,53.78,17,1,0,6.127,5.992,8.174,25.628,-1,1,5.13,33.38,0.963,0.0336,22.11,Moderate,Traffic,13.88,28.57,0.0245,0.1882,0.0084,0,Normal,Normal,1.836,2,2026-04-06 09:00:00+00:00,False,,,
2026-04-06 18:00:00+00:00,New York,10.46,7.06,56,8.59,13.3,25.1,47.01,18,1,0,7.903,6.893,8.096,31.323,1,1,1.27,-6.77,1.204,0.0324,20.05,Moderate,Traffic,13.82,28.57,0.0279,0.1645,0.0081,0,Normal,Normal,1.384,2,2026-04-06 09:00:00+00:00,False,,,
2026-04-06 19:00:00+00:00,New York,12.48,7.39,61,7.82,11.6,24.8,53.23,19,1,0,10.71,8.023,8.102,37.262,1,1,2.02,6.22,1.576,0.059,23.44,Moderate,Traffic,13.82,28.57,0.0333,0.1863,0.0148,0,Normal,Normal,1.767,1,2026-04-06 09:00:00+00:00,False,,,
2026-04-06 20:00:00+00:00,New York,5.94,9.23,63,8.82,22.0,24.4,9.84,20,0,0,9.627,7.877,8.074,34.572,1,1,-6.54,-43.39,0.666,0.0455,6.16,Low,Traffic,13.66,28.57,0.0158,0.0344,0.0114,0,Normal,Normal,-0.986,1,2026-04-06 09:00:00+00:00,False,,,
2026-04-06 21:00:00+00:00,New York,7.03,9.04,65,8.11,19.1,24.8,22.98,21,0,0,8.483,8.193,8.052,34.54,1,1,1.09,13.14,0.856,0.0636,11.51,Low,Traffic,13.78,28.57,0.0188,0.0804,0.0159,0,Normal,Normal,-0.187,1,2026-04-06 09:00:00+00:00,False,,,
2026-04-06 22:00:00+00:00,New York,6.62,10.48,52,5.27,20.7,25.0,17.2,22,0,0,6.53,8.62,8.012,34.007,1,-1,-0.41,-5.78,1.233,0.1009,10.3,Low,Traffic,13.92,28.57,0.0176,0.0602,0.0252,0,Normal,Normal,-0.581,1,2026-04-06 09:00:00+00:00,False,,,
2026-04-06 23:00:00+00:00,New York,7.55,10.58,54,4.48,20.8,25.6,18.75,23,0,0,7.067,8.347,8.015,28.168,1,-1,0.93,1.55,1.648,0.1455,12.21,Low,Traffic,14.1,28.57,0.0201,0.0656,0.0364,0,Normal,Normal,-0.507,1,2026-04-06 09:00:00+00:00,False,,,
2026-04-07 00:00:00+00:00,New York,7.55,11.35,59,5.36,21.6,27.5,21.45,0,0,0,7.24,7.862,8.072,23.908,-1,-1,0.0,2.7,1.383,0.1247,12.64,Low,Traffic,14.25,28.57,0.0201,0.0751,0.0312,0,Normal,Normal,-0.343,1,2026-04-06 09:00:00+00:00,False,,,
2026-04-07 01:00:00+00:00,New York,7.24,11.38,51,5.19,21.4,27.5,22.18,1,0,0,7.447,6.988,8.028,18.733,-1,-1,-0.31,0.73,1.369,0.1,12.19,Low,Traffic,14.17,28.57,0.0193,0.0776,0.025,0,Normal,Normal,-0.278,1,2026-04-06 09:00:00+00:00,False,,,
2026-04-07 02:00:00+00:00,New York,6.52,11.69,50,5.49,21.4,27.6,22.46,2,0,0,7.103,7.085,8.024,20.837,-1,-1,-0.72,0.28,1.166,0.0853,11.73,Low,Traffic,14.16,28.57,0.0174,0.0786,0.0213,0,Normal,Normal,-0.252,1,2026-04-06 09:00:00+00:00,False,,,
2026-04-07 03:00:00+00:00,New York,8.54,11.09,56,4.26,20.4,26.6,23.31,3,0,0,7.433,7.337,8.034,20.892,-1,-1,2.02,0.85,1.959,0.1678,14.64,Low,Traffic,14.29,28.57,0.0228,0.0816,0.042,0,Normal,Normal,-0.203,1,2026-04-06 09:00:00+00:00,False,,,
2026-04-07 04:00:00+00:00,New York,8.58,11.14,54,3.39,20.6,27.5,25.09,4,0,0,7.88,7.663,7.992,22.207,1,1,0.04,1.78,2.458,0.2234,16.65,Low,Traffic,14.5,28.57,0.0229,0.0878,0.0558,0,Normal,Normal,-0.124,1,2026-04-06 09:00:00+00:00,False,,,
2026-04-07 05:00:00+00:00,New York,7.6,10.31,56,4.28,21.2,24.7,14.17,5,0,0,8.24,7.672,7.998,21.443,1,1,-0.98,-10.92,1.735,0.1666,11.15,Low,Traffic,14.49,28.57,0.0203,0.0496,0.0416,0,Normal,Normal,-0.874,1,2026-04-06 09:00:00+00:00,False,,,
2026-04-07 06:00:00+00:00,New York,6.48,10.14,56,4.5,19.1,24.8,22.98,6,0,0,7.553,7.493,8.034,21.698,1,1,-1.12,8.81,1.409,0.1536,13.61,Low,Traffic,14.61,28.57,0.0173,0.0804,0.0384,0,Normal,Normal,-0.303,1,2026-04-06 09:00:00+00:00,False,,,
2026-04-07 07:00:00+00:00,New York,11.26,8.28,54,3.31,12.2,25.0,51.2,7,1,0,8.447,8.163,7.921,26.535,1,1,4.78,28.22,3.302,0.2311,26.7,Moderate,Traffic,14.72,28.57,0.03,0.1792,0.0578,0,Normal,Normal,1.582,1,2026-04-06 09:00:00+00:00,False,,,
2026-04-07 08:00:00+00:00,New York,14.77,8.2,53,1.05,16.4,26.0,36.92,8,1,0,10.837,9.538,8.05,28.945,1,1,3.51,-14.28,12.843,0.8712,38.64,Moderate,Weather,15.3,38.64,0.0394,0.1292,0.2178,0,Normal,Normal,0.677,1,2026-04-06 09:00:00+00:00,False,,,
2026-04-07 09:00:00+00:00,New York,16.46,8.01,52,1.05,14.6,25.0,41.6,9,1,0,14.163,10.858,8.177,31.993,1,1,1.69,4.68,14.313,0.8528,40.27,High,Weather,15.79,40.27,0.0439,0.1456,0.2132,0,Normal,Normal,1.14,0,,False,,,
2026-04-07 10:00:00+00:00,New York,16.46,7.03,56,1.05,17.7,25.2,29.76,10,0,0,15.897,12.172,8.543,32.772,1,1,0.0,-11.84,14.313,0.9264,37.97,Moderate,Weather,16.9,40.27,0.0439,0.1042,0.2316,0,Normal,Normal,0.205,0,,False,,,
2026-04-07 11:00:00+00:00,New York,13.2,6.36,58,1.05,20.3,25.3,19.76,11,0,0,15.373,13.105,8.779,33.703,1,1,-3.26,-10.0,11.478,0.9632,34.52,Moderate,Weather,17.87,40.27,0.0352,0.0692,0.2408,0,Normal,Normal,-0.577,0,,False,,,
2026-04-07 12:00:00+00:00,New York,12.54,5.54,60,1.05,19.4,25.0,22.4,12,0,0,14.067,14.115,9.091,33.607,1,1,-0.66,2.64,10.904,1.0,36.18,Moderate,Weather,19.0,40.27,0.0334,0.0784,0.25,0,Normal,Normal,-0.414,0,,False,,,
2026-04-07 13:00:00+00:00,New York,10.58,6.08,57,1.05,19.3,25.2,23.41,13,0,0,12.107,14.002,9.294,28.975,1,-1,-1.96,1.01,9.2,0.9448,34.63,Moderate,Weather,19.99,40.27,0.0282,0.0819,0.2362,0,Normal,Normal,-0.358,0,,False,,,
2026-04-07 14:00:00+00:00,New York,11.1,4.94,59,1.05,21.9,25.4,13.78,14,0,0,11.407,13.39,9.472,25.118,1,-1,0.52,-9.63,9.652,0.9816,32.32,Moderate,Weather,20.81,40.27,0.0296,0.0482,0.2454,0,Normal,Normal,-1.061,0,,False,,,
2026-04-07 15:00:00+00:00,New York,10.97,5.59,57,1.05,20.5,25.1,18.33,15,0,0,10.883,12.475,9.716,21.24,-1,-1,-0.13,4.55,9.539,0.9448,32.96,Moderate,Weather,21.74,40.27,0.0292,0.0642,0.2362,0,Normal,Normal,-0.684,0,,False,,,
2026-04-07 16:00:00+00:00,New York,11.53,6.1,57,1.05,21.3,25.1,15.14,16,0,0,11.2,11.653,10.027,18.803,-1,-1,0.56,-3.19,10.026,0.9448,32.0,Moderate,Weather,22.69,40.27,0.0308,0.053,0.2362,0,Normal,Normal,-0.903,0,,False,,,
2026-04-07 17:00:00+00:00,New York,15.68,6.0,59,1.05,14.6,24.8,41.13,17,1,0,12.727,12.067,10.298,22.365,-1,-1,4.15,25.99,13.635,0.9816,43.12,High,Weather,23.57,43.12,0.0418,0.144,0.2454,0,Normal,Normal,1.208,0,,False,,,
2026-04-07 18:00:00+00:00,New York,15.82,7.33,53,1.05,17.1,24.8,31.05,18,1,0,14.343,12.613,10.521,23.807,1,1,0.14,-10.08,13.757,0.8712,36.87,Moderate,Weather,24.27,43.12,0.0422,0.1087,0.2178,0,Normal,Normal,0.464,0,,False,,,
2026-04-07 19:00:00+00:00,New York,14.08,8.66,55,1.05,15.0,25.7,41.63,19,1,0,15.193,13.197,10.588,26.843,1,1,-1.74,10.58,12.243,0.908,41.03,High,Weather,25.0,43.12,0.0376,0.1457,0.227,0,Normal,Normal,1.573,0,,False,,,
2026-04-07 20:00:00+00:00,New York,12.78,8.31,51,1.05,19.4,24.2,19.83,20,0,0,14.227,13.477,10.872,27.852,1,1,-1.3,-21.8,11.113,0.8344,31.21,Moderate,Weather,26.04,43.12,0.0341,0.0694,0.2086,0,Normal,Normal,-0.589,0,,False,,,
2026-04-07 21:00:00+00:00,New York,4.19,9.24,51,5.94,21.3,24.7,13.77,21,0,0,10.35,12.347,10.754,27.092,-1,1,-8.59,-6.06,0.694,0.0747,7.81,Low,Traffic,25.89,43.12,0.0112,0.0482,0.0187,0,Normal,Normal,-1.128,0,,False,,,
2026-04-07 22:00:00+00:00,New York,3.01,8.9,64,8.08,18.4,24.3,24.28,22,0,0,6.66,10.927,10.604,28.615,-1,1,-1.18,10.51,0.368,0.0616,10.84,Low,Traffic,25.91,43.12,0.008,0.085,0.0154,0,Normal,Normal,-0.131,0,,False,,,
2026-04-07 23:00:00+00:00,New York,3.58,8.73,64,7.64,19.8,24.2,18.18,23,0,0,3.593,8.91,10.438,24.79,-1,-1,0.57,-6.1,0.463,0.071,9.09,Low,Traffic,25.78,43.12,0.0096,0.0636,0.0177,0,Normal,Normal,-0.732,0,,False,,,
2026-04-08 00:00:00+00:00,New York,3.57,10.12,59,6.31,22.0,27.4,19.71,0,0,0,3.387,6.868,10.272,22.9,-1,-1,-0.01,1.53,0.557,0.0908,10.12,Low,Traffic,25.68,43.12,0.0095,0.069,0.0227,0,Normal,Normal,-0.571,0,,False,,,
2026-04-08 01:00:00+00:00,New York,4.71,9.9,67,6.82,20.7,27.2,23.9,1,0,0,3.953,5.307,10.167,19.945,-1,-1,1.14,4.19,0.681,0.1009,12.14,Low,Traffic,25.68,43.12,0.0126,0.0836,0.0252,0,Normal,Normal,-0.165,0,,False,,,
2026-04-08 02:00:00+00:00,New York,7.09,9.38,63,5.41,20.8,27.8,25.18,2,0,0,5.123,4.358,10.191,20.837,-1,-1,2.38,1.28,1.287,0.138,14.15,Low,Traffic,25.78,43.12,0.0189,0.0881,0.0345,0,Normal,Normal,-0.05,0,,False,,,
2026-04-08 03:00:00+00:00,New York,6.24,9.59,63,5.08,19.7,27.3,27.84,3,0,0,6.013,4.7,10.095,23.182,-1,1,-0.85,2.66,1.205,0.1534,15.24,Low,Traffic,25.8,43.12,0.0166,0.0974,0.0384,0,Normal,Normal,0.194,0,,False,,,
2026-04-08 04:00:00+00:00,New York,6.6,8.86,64,4.77,23.9,27.7,13.72,4,0,0,6.643,5.298,10.012,21.422,-1,1,0.36,-14.12,1.355,0.1741,10.91,Low,Traffic,25.56,43.12,0.0176,0.048,0.0435,0,Normal,Normal,-1.124,0,,False,,,
2026-04-08 05:00:00+00:00,New York,5.25,9.59,66,6.36,19.0,24.5,22.45,5,0,0,6.03,5.577,9.915,22.133,1,1,-1.35,8.73,0.813,0.1122,12.06,Low,Traffic,25.6,43.12,0.014,0.0786,0.028,0,Normal,Normal,-0.325,0,,False,,,
2026-04-08 06:00:00+00:00,New York,5.03,8.62,63,6.18,19.1,25.3,24.51,6,0,0,5.627,5.82,9.854,22.933,1,-1,-0.22,2.06,0.801,0.1083,12.63,Low,Traffic,25.56,43.12,0.0134,0.0858,0.0271,0,Normal,Normal,-0.129,0,,False,,,
2026-04-08 07:00:00+00:00,New York,8.59,7.15,65,6.11,15.4,25.0,38.4,7,1,0,6.29,6.467,9.743,25.35,1,1,3.56,13.89,1.383,0.1175,18.67,Low,Traffic,25.22,43.12,0.0229,0.1344,0.0294,0,Normal,Normal,1.456,0,,False,,,
2026-04-08 08:00:00+00:00,New York,12.14,7.51,66,5.26,15.0,24.4,38.52,8,1,0,8.587,7.308,9.633,27.573,1,1,3.55,0.12,2.265,0.1566,20.64,Moderate,Traffic,24.47,43.12,0.0324,0.1348,0.0392,0,Normal,Normal,1.447,0,,False,,,
2026-04-08 09:00:00+00:00,New York,10.83,6.6,66,5.14,16.4,24.9,34.14,9,1,0,10.52,8.073,9.399,28.623,1,1,-1.31,-4.38,2.067,0.1625,18.9,Low,Traffic,23.58,43.12,0.0289,0.1195,0.0406,0,Normal,Normal,1.054,0,,False,,,
2026-04-08 10:00:00+00:00,New York,5.27,5.32,65,6.36,18.6,25.1,25.9,10,0,0,9.413,7.852,8.932,30.653,1,1,-5.56,-8.24,0.816,0.1089,13.18,Low,Traffic,22.55,43.12,0.014,0.0906,0.0272,0,Normal,Normal,0.12,0,,False,,,
2026-04-08 11:00:00+00:00,New York,5.56,5.22,70,6.67,18.5,24.4,24.18,11,0,0,7.22,7.903,8.614,30.942,1,1,0.29,-1.72,0.821,0.1148,12.81,Low,Traffic,21.65,43.12,0.0148,0.0846,0.0287,0,Normal,Normal,-0.103,0,,False,,,
2026-04-08 12:00:00+00:00,New York,4.61,4.35,69,6.85,19.1,24.8,22.98,12,0,0,5.147,7.833,8.284,30.687,-1,1,-0.95,-1.2,0.663,0.1061,11.92,Low,Traffic,20.64,43.12,0.0123,0.0804,0.0265,0,Normal,Normal,-0.247,0,,False,,,
2026-04-08 13:00:00+00:00,New York,5.16,3.08,70,6.66,20.4,25.2,19.05,13,0,0,5.11,7.262,8.058,27.462,-1,-1,0.55,-3.93,0.763,0.1151,10.93,Low,Traffic,19.65,43.12,0.0138,0.0667,0.0288,0,Normal,Normal,-0.681,0,,False,,,
2026-04-08 14:00:00+00:00,New York,3.3,4.14,68,8.48,20.1,24.9,19.28,14,0,0,4.357,5.788,7.733,24.255,-1,-1,-1.86,0.23,0.385,0.0637,9.22,Low,Traffic,18.69,43.12,0.0088,0.0675,0.0159,0,Normal,Normal,-0.7,0,,False,,,
2026-04-08 15:00:00+00:00,New York,3.78,4.16,64,8.12,21.3,25.6,16.8,15,0,0,4.08,4.613,7.433,21.365,-1,-1,0.48,-2.48,0.46,0.0608,8.41,Low,Traffic,17.66,43.12,0.0101,0.0588,0.0152,0,Normal,Normal,-0.982,0,,False,,,
2026-04-08 16:00:00+00:00,New York,3.17,3.63,70,8.01,19.2,24.7,22.27,16,0,0,3.417,4.263,7.085,20.76,-1,-1,-0.61,5.47,0.391,0.0787,10.6,Low,Traffic,16.77,43.12,0.0084,0.0779,0.0197,0,Normal,Normal,-0.378,0,,False,,,
2026-04-08 17:00:00+00:00,New York,3.17,5.23,68,9.18,14.9,25.0,40.4,17,1,0,3.373,3.865,6.564,23.463,-1,-1,0.0,18.13,0.342,0.0511,16.26,Low,Traffic,15.65,41.03,0.0084,0.1414,0.0128,0,Normal,Normal,1.858,0,,False,,,
2026-04-08 18:00:00+00:00,New York,8.71,5.09,64,8.61,14.9,25.1,40.64,18,1,0,5.017,4.548,6.268,26.407,-1,1,5.54,0.24,1.0,0.0515,17.83,Low,Traffic,14.86,41.03,0.0232,0.1422,0.0129,0,Normal,Normal,1.729,0,,False,,,
2026-04-08 19:00:00+00:00,New York,5.45,5.94,67,7.76,14.6,25.3,42.29,19,1,0,5.777,4.597,5.908,30.28,1,1,-3.26,1.65,0.693,0.0764,18.16,Low,Traffic,13.91,31.21,0.0145,0.148,0.0191,0,Normal,Normal,1.905,0,,False,,,
2026-04-08 20:00:00+00:00,New York,3.45,6.51,69,7.54,19.8,24.9,20.48,20,0,0,5.87,4.622,5.519,30.48,1,1,-2.0,-21.81,0.452,0.0871,10.27,Low,Traffic,13.03,20.64,0.0092,0.0717,0.0218,0,Normal,Normal,-0.613,0,,False,,,
2026-04-08 21:00:00+00:00,New York,2.54,7.05,68,7.63,19.5,25.0,22.0,21,0,0,3.813,4.415,5.45,31.347,-1,1,-0.91,1.52,0.329,0.0822,10.44,Low,Traffic,13.14,20.64,0.0068,0.077,0.0206,0,Normal,Normal,-0.496,0,,False,,,
2026-04-08 22:00:00+00:00,New York,11.72,9.59,68,4.53,21.9,25.4,13.78,22,0,0,5.903,5.84,5.813,29.932,1,-1,9.18,-8.22,2.531,0.2068,13.11,Low,Weather,13.24,20.64,0.0312,0.0482,0.0517,0,Normal,Normal,-1.371,0,,False,,,
2026-04-08 23:00:00+00:00,New York,10.61,10.21,64,5.16,19.0,25.4,25.2,23,0,0,8.29,7.08,6.106,27.398,1,-1,-1.11,11.42,2.017,0.1535,15.49,Low,Traffic,13.5,20.64,0.0283,0.0882,0.0384,0,Normal,Normal,-0.092,0,,False,,,
2026-04-09 00:00:00+00:00,New York,11.52,10.47,67,4.21,23.6,27.8,15.11,0,0,0,11.283,7.548,6.438,23.143,1,-1,0.91,-10.09,2.673,0.225,13.98,Low,Weather,13.66,20.64,0.0307,0.0529,0.0562,0,Normal,Normal,-1.222,0,,False,,,
2026-04-09 01:00:00+00:00,New York,9.68,10.72,66,5.47,20.7,28.0,26.07,1,0,0,10.603,8.253,6.645,20.44,1,-1,-1.84,10.96,1.738,0.1468,15.37,Low,Traffic,13.8,20.64,0.0258,0.0912,0.0367,0,Normal,Normal,0.021,0,,False,,,
2026-04-09 02:00:00+00:00,New York,12.7,11.35,66,3.83,22.1,28.2,21.63,2,0,0,11.3,9.795,6.878,20.632,1,-1,3.02,-4.44,3.232,0.2514,17.24,Low,Traffic,13.93,20.64,0.0339,0.0757,0.0628,0,Normal,Normal,-0.468,0,,False,,,
2026-04-09 03:00:00+00:00,New York,10.21,10.93,58,4.02,22.8,28.0,18.57,3,0,0,10.863,11.073,7.044,20.06,1,-1,-2.49,-3.06,2.478,0.1939,14.07,Low,Traffic,13.88,20.64,0.0272,0.065,0.0485,0,Normal,Normal,-0.763,0,,False,,,
2026-04-09 04:00:00+00:00,New York,11.89,10.77,58,3.12,23.4,27.6,15.22,4,0,0,11.6,11.102,7.264,20.3,1,-1,1.68,-3.35,3.693,0.2772,15.43,Low,Weather,14.07,20.64,0.0317,0.0533,0.0693,0,Normal,Normal,-1.158,0,,False,,,
2026-04-09 05:00:00+00:00,New York,12.25,9.91,65,3.17,18.4,24.7,25.51,5,0,0,11.45,11.375,7.556,20.352,1,-1,0.36,10.29,3.746,0.3166,20.12,Moderate,Traffic,14.4,20.64,0.0327,0.0893,0.0792,0,Normal,Normal,-0.003,0,,False,,,
2026-04-09 06:00:00+00:00,New York,11.17,9.66,72,4.1,19.9,25.1,20.72,6,0,0,11.77,11.317,7.812,21.287,1,1,-1.08,-4.79,2.66,0.2588,16.7,Low,Traffic,14.57,20.64,0.0298,0.0725,0.0647,0,Normal,Normal,-0.528,0,,False,,,
2026-04-09 07:00:00+00:00,New York,17.7,8.87,67,2.84,9.6,25.0,61.6,7,1,0,13.707,12.653,8.191,27.208,1,1,6.53,40.88,6.02,0.3782,35.74,Moderate,Traffic,15.28,35.74,0.0472,0.2156,0.0946,1,Severe,Spike,3.133,1,2026-04-09 07:00:00+00:00,False,,,
2026-04-09 08:00:00+00:00,New York,17.6,8.35,67,3.37,12.4,24.8,50.0,8,1,0,15.49,13.47,8.419,31.937,1,1,-0.1,-11.6,5.072,0.3046,29.81,Moderate,Traffic,15.67,35.74,0.0469,0.175,0.0762,0,Normal,Normal,1.929,1,2026-04-09 07:00:00+00:00,False,,,
2026-04-09 09:00:00+00:00,New York,17.69,6.8,69,4.46,12.0,25.3,52.57,9,1,0,17.663,14.717,8.705,37.603,1,1,0.09,2.57,3.879,0.2162,28.52,Moderate,Traffic,16.07,35.74,0.0472,0.184,0.054,0,Normal,Normal,1.915,1,2026-04-09 07:00:00+00:00,False,,,
2026-04-09 10:00:00+00:00,New York,13.08,6.32,64,4.04,18.8,25.0,24.8,10,0,0,16.123,14.915,9.03,39.2,1,1,-4.61,-27.77,3.159,0.2231,17.75,Low,Traffic,16.26,35.74,0.0349,0.0868,0.0558,0,Normal,Normal,-0.211,1,2026-04-09 07:00:00+00:00,False,,,
2026-04-09 11:00:00+00:00,New York,11.52,5.92,69,3.66,18.8,24.7,23.89,11,0,0,14.097,14.793,9.278,38.93,1,1,-1.56,-0.91,3.064,0.2843,18.54,Low,Traffic,16.5,35.74,0.0307,0.0836,0.0711,0,Normal,Normal,-0.279,1,2026-04-09 07:00:00+00:00,False,,,
2026-04-09 12:00:00+00:00,New York,12.75,5.67,72,3.84,18.4,24.8,25.81,12,0,0,12.45,15.057,9.618,39.778,1,1,1.23,1.92,3.236,0.2827,19.5,Low,Traffic,16.81,35.74,0.034,0.0903,0.0707,0,Normal,Normal,-0.142,1,2026-04-09 07:00:00+00:00,False,,,
2026-04-09 13:00:00+00:00,New York,10.53,5.83,65,4.84,17.6,24.4,27.87,13,0,0,11.6,13.862,9.841,34.157,-1,-1,-2.22,2.06,2.132,0.1744,16.92,Low,Traffic,17.06,35.74,0.0281,0.0975,0.0436,0,Normal,Normal,-0.012,1,2026-04-09 07:00:00+00:00,False,,,
2026-04-09 14:00:00+00:00,New York,11.07,5.44,71,3.97,21.2,25.1,15.54,14,0,0,11.45,12.773,10.165,28.413,-1,-1,0.54,-12.33,2.72,0.2652,15.02,Low,Weather,17.3,35.74,0.0295,0.0544,0.0663,0,Normal,Normal,-0.946,1,2026-04-09 07:00:00+00:00,False,,,
2026-04-09 15:00:00+00:00,New York,10.42,4.66,68,4.75,18.2,24.8,26.61,15,0,0,10.673,11.562,10.442,24.087,-1,-1,-0.65,11.07,2.148,0.1927,16.91,Low,Traffic,17.66,35.74,0.0278,0.0931,0.0482,0,Normal,Normal,-0.13,1,2026-04-09 07:00:00+00:00,False,,,
2026-04-09 16:00:00+00:00,New York,7.77,6.38,77,5.91,19.2,25.1,23.51,16,0,0,9.753,10.677,10.633,23.872,-1,-1,-2.65,-3.1,1.293,0.1671,14.48,Low,Traffic,17.82,35.74,0.0207,0.0823,0.0418,0,Normal,Normal,-0.376,1,2026-04-09 07:00:00+00:00,False,,,
2026-04-09 17:00:00+00:00,New York,7.77,5.29,71,4.76,9.6,25.2,61.9,17,1,0,8.653,10.052,10.825,30.207,-1,1,0.0,38.39,1.599,0.2052,28.86,Moderate,Traffic,18.34,35.74,0.0207,0.2166,0.0513,1,Moderate,Spike,2.279,2,2026-04-09 17:00:00+00:00,False,,,
2026-04-09 18:00:00+00:00,New York,15.29,8.18,63,5.52,11.5,24.9,53.82,18,1,0,10.277,10.475,11.099,34.875,-1,1,7.52,-8.08,2.721,0.1332,26.25,Moderate,Traffic,18.69,35.74,0.0408,0.1884,0.0333,0,Normal,Normal,1.6,2,2026-04-09 17:00:00+00:00,False,,,
2026-04-09 19:00:00+00:00,New York,15.29,7.92,71,4.69,10.1,24.6,58.94,19,1,0,12.783,11.268,11.509,40.053,1,1,0.0,5.12,3.192,0.2097,29.95,Moderate,Traffic,19.19,35.74,0.0408,0.2063,0.0524,0,Normal,Normal,1.781,2,2026-04-09 17:00:00+00:00,False,,,
2026-04-09 20:00:00+00:00,New York,10.94,8.18,66,5.41,21.9,25.4,13.78,20,0,0,13.84,11.247,11.821,39.76,1,1,-4.35,-45.16,1.985,0.1495,11.48,Low,Traffic,19.24,35.74,0.0292,0.0482,0.0374,0,Normal,Normal,-1.011,2,2026-04-09 17:00:00+00:00,False,,,
2026-04-09 21:00:00+00:00,New York,10.08,8.83,68,4.43,22.1,25.4,12.99,21,0,0,12.103,11.19,12.135,37.49,1,1,-0.86,-0.79,2.225,0.2137,12.58,Low,Weather,19.33,35.74,0.0269,0.0455,0.0534,0,Normal,Normal,-1.018,2,2026-04-09 17:00:00+00:00,True,13.27,18.55,2026-04-10 09:00:00+00:00
